relative_path,class_id,breed_name,source_split
n02109961-Eskimo_dog/n02109961_10021.jpg,0,Eskimo Dog,official_train
n02109961-Eskimo_dog/n02109961_1017.jpg,0,Eskimo Dog,official_train
n02109961-Eskimo_dog/n02109961_1032.jpg,0,Eskimo Dog,official_train
n02109961-Eskimo_dog/n02109961_10660.jpg,0,Eskimo Dog,official_train
n02109961-Eskimo_dog/n02109961_1076.jpg,0,Eskimo Dog,official_train
n02109961-Eskimo_dog/n02109961_10774.jpg,0,Eskimo Dog,official_train
n02109961-Eskimo_dog/n02109961_11511.jpg,0,Eskimo Dog,official_train
n02109961-Eskimo_dog/n02109961_12107.jpg,0,Eskimo Dog,official_train
n02109961-Eskimo_dog/n02109961_12118.jpg,0,Eskimo Dog,official_train
n02109961-Eskimo_dog/n02109961_12338.jpg,0,Eskimo Dog,official_train
n02109961-Eskimo_dog/n02109961_1251.jpg,0,Eskimo Dog,official_train
n02109961-Eskimo_dog/n02109961_12993.jpg,0,Eskimo Dog,official_train
n02109961-Eskimo_dog/n02109961_13077.jpg,0,Eskimo Dog,official_train
n02109961-Eskimo_dog/n02109961_135.jpg,0,Eskimo Dog,official_train
n02109961-Eskimo_dog/n02109961_15257.jpg,0,Eskimo Dog,official_train
n02109961-Eskimo_dog/n02109961_16095.jpg,0,Eskimo Dog,official_train
n02109961-Eskimo_dog/n02109961_1613.jpg,0,Eskimo Dog,official_train
n02109961-Eskimo_dog/n02109961_1633.jpg,0,Eskimo Dog,official_train
n02109961-Eskimo_dog/n02109961_16491.jpg,0,Eskimo Dog,official_train
n02109961-Eskimo_dog/n02109961_16865.jpg,0,Eskimo Dog,official_train
n02109961-Eskimo_dog/n02109961_16953.jpg,0,Eskimo Dog,official_train
n02109961-Eskimo_dog/n02109961_16961.jpg,0,Eskimo Dog,official_train
n02109961-Eskimo_dog/n02109961_17006.jpg,0,Eskimo Dog,official_train
n02109961-Eskimo_dog/n02109961_17082.jpg,0,Eskimo Dog,official_train
n02109961-Eskimo_dog/n02109961_17141.jpg,0,Eskimo Dog,official_train
n02109961-Eskimo_dog/n02109961_1767.jpg,0,Eskimo Dog,official_train
n02109961-Eskimo_dog/n02109961_18009.jpg,0,Eskimo Dog,official_train
n02109961-Eskimo_dog/n02109961_18163.jpg,0,Eskimo Dog,official_train
n02109961-Eskimo_dog/n02109961_18454.jpg,0,Eskimo Dog,official_train
n02109961-Eskimo_dog/n02109961_18527.jpg,0,Eskimo Dog,official_train
n02109961-Eskimo_dog/n02109961_18552.jpg,0,Eskimo Dog,official_train
n02109961-Eskimo_dog/n02109961_1949.jpg,0,Eskimo Dog,official_train
n02109961-Eskimo_dog/n02109961_1971.jpg,0,Eskimo Dog,official_train
n02109961-Eskimo_dog/n02109961_20013.jpg,0,Eskimo Dog,official_train
n02109961-Eskimo_dog/n02109961_20429.jpg,0,Eskimo Dog,official_train
n02109961-Eskimo_dog/n02109961_21073.jpg,0,Eskimo Dog,official_train
n02109961-Eskimo_dog/n02109961_2188.jpg,0,Eskimo Dog,official_train
n02109961-Eskimo_dog/n02109961_2272.jpg,0,Eskimo Dog,official_train
n02109961-Eskimo_dog/n02109961_2584.jpg,0,Eskimo Dog,official_train
n02109961-Eskimo_dog/n02109961_2599.jpg,0,Eskimo Dog,official_train
n02109961-Eskimo_dog/n02109961_2608.jpg,0,Eskimo Dog,official_train
n02109961-Eskimo_dog/n02109961_2727.jpg,0,Eskimo Dog,official_train
n02109961-Eskimo_dog/n02109961_2932.jpg,0,Eskimo Dog,official_train
n02109961-Eskimo_dog/n02109961_3027.jpg,0,Eskimo Dog,official_train
n02109961-Eskimo_dog/n02109961_3054.jpg,0,Eskimo Dog,official_train
n02109961-Eskimo_dog/n02109961_3479.jpg,0,Eskimo Dog,official_train
n02109961-Eskimo_dog/n02109961_3715.jpg,0,Eskimo Dog,official_train
n02109961-Eskimo_dog/n02109961_3902.jpg,0,Eskimo Dog,official_train
n02109961-Eskimo_dog/n02109961_391.jpg,0,Eskimo Dog,official_train
n02109961-Eskimo_dog/n02109961_3946.jpg,0,Eskimo Dog,official_train
n02109961-Eskimo_dog/n02109961_3984.jpg,0,Eskimo Dog,official_train
n02109961-Eskimo_dog/n02109961_4054.jpg,0,Eskimo Dog,official_train
n02109961-Eskimo_dog/n02109961_4157.jpg,0,Eskimo Dog,official_train
n02109961-Eskimo_dog/n02109961_4369.jpg,0,Eskimo Dog,official_train
n02109961-Eskimo_dog/n02109961_4428.jpg,0,Eskimo Dog,official_train
n02109961-Eskimo_dog/n02109961_4689.jpg,0,Eskimo Dog,official_train
n02109961-Eskimo_dog/n02109961_4952.jpg,0,Eskimo Dog,official_train
n02109961-Eskimo_dog/n02109961_5035.jpg,0,Eskimo Dog,official_train
n02109961-Eskimo_dog/n02109961_5066.jpg,0,Eskimo Dog,official_train
n02109961-Eskimo_dog/n02109961_5080.jpg,0,Eskimo Dog,official_train
n02109961-Eskimo_dog/n02109961_5147.jpg,0,Eskimo Dog,official_train
n02109961-Eskimo_dog/n02109961_546.jpg,0,Eskimo Dog,official_train
n02109961-Eskimo_dog/n02109961_5684.jpg,0,Eskimo Dog,official_train
n02109961-Eskimo_dog/n02109961_5757.jpg,0,Eskimo Dog,official_train
n02109961-Eskimo_dog/n02109961_5772.jpg,0,Eskimo Dog,official_train
n02109961-Eskimo_dog/n02109961_5797.jpg,0,Eskimo Dog,official_train
n02109961-Eskimo_dog/n02109961_5924.jpg,0,Eskimo Dog,official_train
n02109961-Eskimo_dog/n02109961_6020.jpg,0,Eskimo Dog,official_train
n02109961-Eskimo_dog/n02109961_6143.jpg,0,Eskimo Dog,official_train
n02109961-Eskimo_dog/n02109961_630.jpg,0,Eskimo Dog,official_train
n02109961-Eskimo_dog/n02109961_658.jpg,0,Eskimo Dog,official_train
n02109961-Eskimo_dog/n02109961_6613.jpg,0,Eskimo Dog,official_train
n02109961-Eskimo_dog/n02109961_6778.jpg,0,Eskimo Dog,official_train
n02109961-Eskimo_dog/n02109961_6880.jpg,0,Eskimo Dog,official_train
n02109961-Eskimo_dog/n02109961_8185.jpg,0,Eskimo Dog,official_train
n02109961-Eskimo_dog/n02109961_843.jpg,0,Eskimo Dog,official_train
n02109961-Eskimo_dog/n02109961_8698.jpg,0,Eskimo Dog,official_train
n02109961-Eskimo_dog/n02109961_8835.jpg,0,Eskimo Dog,official_train
n02109961-Eskimo_dog/n02109961_997.jpg,0,Eskimo Dog,official_train
n02109961-Eskimo_dog/n02109961_9973.jpg,0,Eskimo Dog,official_train
n02110063-malamute/n02110063_10025.jpg,1,Malamute,official_train
n02110063-malamute/n02110063_10589.jpg,1,Malamute,official_train
n02110063-malamute/n02110063_10751.jpg,1,Malamute,official_train
n02110063-malamute/n02110063_10768.jpg,1,Malamute,official_train
n02110063-malamute/n02110063_10785.jpg,1,Malamute,official_train
n02110063-malamute/n02110063_10787.jpg,1,Malamute,official_train
n02110063-malamute/n02110063_11052.jpg,1,Malamute,official_train
n02110063-malamute/n02110063_11106.jpg,1,Malamute,official_train
n02110063-malamute/n02110063_11227.jpg,1,Malamute,official_train
n02110063-malamute/n02110063_11431.jpg,1,Malamute,official_train
n02110063-malamute/n02110063_11585.jpg,1,Malamute,official_train
n02110063-malamute/n02110063_11658.jpg,1,Malamute,official_train
n02110063-malamute/n02110063_11709.jpg,1,Malamute,official_train
n02110063-malamute/n02110063_11756.jpg,1,Malamute,official_train
n02110063-malamute/n02110063_11822.jpg,1,Malamute,official_train
n02110063-malamute/n02110063_12269.jpg,1,Malamute,official_train
n02110063-malamute/n02110063_12294.jpg,1,Malamute,official_train
n02110063-malamute/n02110063_12326.jpg,1,Malamute,official_train
n02110063-malamute/n02110063_12330.jpg,1,Malamute,official_train
n02110063-malamute/n02110063_12449.jpg,1,Malamute,official_train
n02110063-malamute/n02110063_12632.jpg,1,Malamute,official_train
n02110063-malamute/n02110063_12634.jpg,1,Malamute,official_train
n02110063-malamute/n02110063_12694.jpg,1,Malamute,official_train
n02110063-malamute/n02110063_13152.jpg,1,Malamute,official_train
n02110063-malamute/n02110063_13228.jpg,1,Malamute,official_train
n02110063-malamute/n02110063_13413.jpg,1,Malamute,official_train
n02110063-malamute/n02110063_13541.jpg,1,Malamute,official_train
n02110063-malamute/n02110063_13625.jpg,1,Malamute,official_train
n02110063-malamute/n02110063_13798.jpg,1,Malamute,official_train
n02110063-malamute/n02110063_14141.jpg,1,Malamute,official_train
n02110063-malamute/n02110063_14230.jpg,1,Malamute,official_train
n02110063-malamute/n02110063_14327.jpg,1,Malamute,official_train
n02110063-malamute/n02110063_14434.jpg,1,Malamute,official_train
n02110063-malamute/n02110063_14922.jpg,1,Malamute,official_train
n02110063-malamute/n02110063_15110.jpg,1,Malamute,official_train
n02110063-malamute/n02110063_15163.jpg,1,Malamute,official_train
n02110063-malamute/n02110063_15327.jpg,1,Malamute,official_train
n02110063-malamute/n02110063_15580.jpg,1,Malamute,official_train
n02110063-malamute/n02110063_15727.jpg,1,Malamute,official_train
n02110063-malamute/n02110063_1643.jpg,1,Malamute,official_train
n02110063-malamute/n02110063_16630.jpg,1,Malamute,official_train
n02110063-malamute/n02110063_16713.jpg,1,Malamute,official_train
n02110063-malamute/n02110063_16752.jpg,1,Malamute,official_train
n02110063-malamute/n02110063_16763.jpg,1,Malamute,official_train
n02110063-malamute/n02110063_17190.jpg,1,Malamute,official_train
n02110063-malamute/n02110063_17485.jpg,1,Malamute,official_train
n02110063-malamute/n02110063_17572.jpg,1,Malamute,official_train
n02110063-malamute/n02110063_17622.jpg,1,Malamute,official_train
n02110063-malamute/n02110063_17766.jpg,1,Malamute,official_train
n02110063-malamute/n02110063_17903.jpg,1,Malamute,official_train
n02110063-malamute/n02110063_17936.jpg,1,Malamute,official_train
n02110063-malamute/n02110063_17995.jpg,1,Malamute,official_train
n02110063-malamute/n02110063_18180.jpg,1,Malamute,official_train
n02110063-malamute/n02110063_18538.jpg,1,Malamute,official_train
n02110063-malamute/n02110063_18663.jpg,1,Malamute,official_train
n02110063-malamute/n02110063_18750.jpg,1,Malamute,official_train
n02110063-malamute/n02110063_19390.jpg,1,Malamute,official_train
n02110063-malamute/n02110063_210.jpg,1,Malamute,official_train
n02110063-malamute/n02110063_2390.jpg,1,Malamute,official_train
n02110063-malamute/n02110063_4302.jpg,1,Malamute,official_train
n02110063-malamute/n02110063_4629.jpg,1,Malamute,official_train
n02110063-malamute/n02110063_4873.jpg,1,Malamute,official_train
n02110063-malamute/n02110063_49.jpg,1,Malamute,official_train
n02110063-malamute/n02110063_540.jpg,1,Malamute,official_train
n02110063-malamute/n02110063_5676.jpg,1,Malamute,official_train
n02110063-malamute/n02110063_609.jpg,1,Malamute,official_train
n02110063-malamute/n02110063_6174.jpg,1,Malamute,official_train
n02110063-malamute/n02110063_6508.jpg,1,Malamute,official_train
n02110063-malamute/n02110063_6518.jpg,1,Malamute,official_train
n02110063-malamute/n02110063_6636.jpg,1,Malamute,official_train
n02110063-malamute/n02110063_7636.jpg,1,Malamute,official_train
n02110063-malamute/n02110063_8007.jpg,1,Malamute,official_train
n02110063-malamute/n02110063_8019.jpg,1,Malamute,official_train
n02110063-malamute/n02110063_838.jpg,1,Malamute,official_train
n02110063-malamute/n02110063_8757.jpg,1,Malamute,official_train
n02110063-malamute/n02110063_8977.jpg,1,Malamute,official_train
n02110063-malamute/n02110063_899.jpg,1,Malamute,official_train
n02110063-malamute/n02110063_9259.jpg,1,Malamute,official_train
n02110063-malamute/n02110063_97.jpg,1,Malamute,official_train
n02110063-malamute/n02110063_9861.jpg,1,Malamute,official_train
n02110185-Siberian_husky/n02110185_10047.jpg,2,Siberian Husky,official_train
n02110185-Siberian_husky/n02110185_10171.jpg,2,Siberian Husky,official_train
n02110185-Siberian_husky/n02110185_10273.jpg,2,Siberian Husky,official_train
n02110185-Siberian_husky/n02110185_10360.jpg,2,Siberian Husky,official_train
n02110185-Siberian_husky/n02110185_1066.jpg,2,Siberian Husky,official_train
n02110185-Siberian_husky/n02110185_10902.jpg,2,Siberian Husky,official_train
n02110185-Siberian_husky/n02110185_11114.jpg,2,Siberian Husky,official_train
n02110185-Siberian_husky/n02110185_11138.jpg,2,Siberian Husky,official_train
n02110185-Siberian_husky/n02110185_1130.jpg,2,Siberian Husky,official_train
n02110185-Siberian_husky/n02110185_11445.jpg,2,Siberian Husky,official_train
n02110185-Siberian_husky/n02110185_11626.jpg,2,Siberian Husky,official_train
n02110185-Siberian_husky/n02110185_1164.jpg,2,Siberian Husky,official_train
n02110185-Siberian_husky/n02110185_11773.jpg,2,Siberian Husky,official_train
n02110185-Siberian_husky/n02110185_11783.jpg,2,Siberian Husky,official_train
n02110185-Siberian_husky/n02110185_12380.jpg,2,Siberian Husky,official_train
n02110185-Siberian_husky/n02110185_12441.jpg,2,Siberian Husky,official_train
n02110185-Siberian_husky/n02110185_12656.jpg,2,Siberian Husky,official_train
n02110185-Siberian_husky/n02110185_12678.jpg,2,Siberian Husky,official_train
n02110185-Siberian_husky/n02110185_13127.jpg,2,Siberian Husky,official_train
n02110185-Siberian_husky/n02110185_13158.jpg,2,Siberian Husky,official_train
n02110185-Siberian_husky/n02110185_1338.jpg,2,Siberian Husky,official_train
n02110185-Siberian_husky/n02110185_13821.jpg,2,Siberian Husky,official_train
n02110185-Siberian_husky/n02110185_13855.jpg,2,Siberian Husky,official_train
n02110185-Siberian_husky/n02110185_13942.jpg,2,Siberian Husky,official_train
n02110185-Siberian_husky/n02110185_14061.jpg,2,Siberian Husky,official_train
n02110185-Siberian_husky/n02110185_14283.jpg,2,Siberian Husky,official_train
n02110185-Siberian_husky/n02110185_14289.jpg,2,Siberian Husky,official_train
n02110185-Siberian_husky/n02110185_14560.jpg,2,Siberian Husky,official_train
n02110185-Siberian_husky/n02110185_14597.jpg,2,Siberian Husky,official_train
n02110185-Siberian_husky/n02110185_14650.jpg,2,Siberian Husky,official_train
n02110185-Siberian_husky/n02110185_1469.jpg,2,Siberian Husky,official_train
n02110185-Siberian_husky/n02110185_14906.jpg,2,Siberian Husky,official_train
n02110185-Siberian_husky/n02110185_1532.jpg,2,Siberian Husky,official_train
n02110185-Siberian_husky/n02110185_2614.jpg,2,Siberian Husky,official_train
n02110185-Siberian_husky/n02110185_2728.jpg,2,Siberian Husky,official_train
n02110185-Siberian_husky/n02110185_2820.jpg,2,Siberian Husky,official_train
n02110185-Siberian_husky/n02110185_2941.jpg,2,Siberian Husky,official_train
n02110185-Siberian_husky/n02110185_3039.jpg,2,Siberian Husky,official_train
n02110185-Siberian_husky/n02110185_3291.jpg,2,Siberian Husky,official_train
n02110185-Siberian_husky/n02110185_3651.jpg,2,Siberian Husky,official_train
n02110185-Siberian_husky/n02110185_4030.jpg,2,Siberian Husky,official_train
n02110185-Siberian_husky/n02110185_4115.jpg,2,Siberian Husky,official_train
n02110185-Siberian_husky/n02110185_4133.jpg,2,Siberian Husky,official_train
n02110185-Siberian_husky/n02110185_4294.jpg,2,Siberian Husky,official_train
n02110185-Siberian_husky/n02110185_4522.jpg,2,Siberian Husky,official_train
n02110185-Siberian_husky/n02110185_4677.jpg,2,Siberian Husky,official_train
n02110185-Siberian_husky/n02110185_4906.jpg,2,Siberian Husky,official_train
n02110185-Siberian_husky/n02110185_5030.jpg,2,Siberian Husky,official_train
n02110185-Siberian_husky/n02110185_5143.jpg,2,Siberian Husky,official_train
n02110185-Siberian_husky/n02110185_5159.jpg,2,Siberian Husky,official_train
n02110185-Siberian_husky/n02110185_5392.jpg,2,Siberian Husky,official_train
n02110185-Siberian_husky/n02110185_5871.jpg,2,Siberian Husky,official_train
n02110185-Siberian_husky/n02110185_5973.jpg,2,Siberian Husky,official_train
n02110185-Siberian_husky/n02110185_6094.jpg,2,Siberian Husky,official_train
n02110185-Siberian_husky/n02110185_6105.jpg,2,Siberian Husky,official_train
n02110185-Siberian_husky/n02110185_6263.jpg,2,Siberian Husky,official_train
n02110185-Siberian_husky/n02110185_6351.jpg,2,Siberian Husky,official_train
n02110185-Siberian_husky/n02110185_6409.jpg,2,Siberian Husky,official_train
n02110185-Siberian_husky/n02110185_6411.jpg,2,Siberian Husky,official_train
n02110185-Siberian_husky/n02110185_6775.jpg,2,Siberian Husky,official_train
n02110185-Siberian_husky/n02110185_6850.jpg,2,Siberian Husky,official_train
n02110185-Siberian_husky/n02110185_7044.jpg,2,Siberian Husky,official_train
n02110185-Siberian_husky/n02110185_7117.jpg,2,Siberian Husky,official_train
n02110185-Siberian_husky/n02110185_712.jpg,2,Siberian Husky,official_train
n02110185-Siberian_husky/n02110185_7246.jpg,2,Siberian Husky,official_train
n02110185-Siberian_husky/n02110185_7379.jpg,2,Siberian Husky,official_train
n02110185-Siberian_husky/n02110185_7762.jpg,2,Siberian Husky,official_train
n02110185-Siberian_husky/n02110185_7888.jpg,2,Siberian Husky,official_train
n02110185-Siberian_husky/n02110185_8005.jpg,2,Siberian Husky,official_train
n02110185-Siberian_husky/n02110185_815.jpg,2,Siberian Husky,official_train
n02110185-Siberian_husky/n02110185_8154.jpg,2,Siberian Husky,official_train
n02110185-Siberian_husky/n02110185_8216.jpg,2,Siberian Husky,official_train
n02110185-Siberian_husky/n02110185_8327.jpg,2,Siberian Husky,official_train
n02110185-Siberian_husky/n02110185_8360.jpg,2,Siberian Husky,official_train
n02110185-Siberian_husky/n02110185_8748.jpg,2,Siberian Husky,official_train
n02110185-Siberian_husky/n02110185_9001.jpg,2,Siberian Husky,official_train
n02110185-Siberian_husky/n02110185_9194.jpg,2,Siberian Husky,official_train
n02110185-Siberian_husky/n02110185_9461.jpg,2,Siberian Husky,official_train
n02110185-Siberian_husky/n02110185_9712.jpg,2,Siberian Husky,official_train
n02110185-Siberian_husky/n02110185_9846.jpg,2,Siberian Husky,official_train
n02107574-Greater_Swiss_Mountain_dog/n02107574_1007.jpg,3,Greater Swiss Mountain Dog,official_train
n02107574-Greater_Swiss_Mountain_dog/n02107574_1010.jpg,3,Greater Swiss Mountain Dog,official_train
n02107574-Greater_Swiss_Mountain_dog/n02107574_1019.jpg,3,Greater Swiss Mountain Dog,official_train
n02107574-Greater_Swiss_Mountain_dog/n02107574_1041.jpg,3,Greater Swiss Mountain Dog,official_train
n02107574-Greater_Swiss_Mountain_dog/n02107574_1051.jpg,3,Greater Swiss Mountain Dog,official_train
n02107574-Greater_Swiss_Mountain_dog/n02107574_1055.jpg,3,Greater Swiss Mountain Dog,official_train
n02107574-Greater_Swiss_Mountain_dog/n02107574_1092.jpg,3,Greater Swiss Mountain Dog,official_train
n02107574-Greater_Swiss_Mountain_dog/n02107574_1097.jpg,3,Greater Swiss Mountain Dog,official_train
n02107574-Greater_Swiss_Mountain_dog/n02107574_1118.jpg,3,Greater Swiss Mountain Dog,official_train
n02107574-Greater_Swiss_Mountain_dog/n02107574_1132.jpg,3,Greater Swiss Mountain Dog,official_train
n02107574-Greater_Swiss_Mountain_dog/n02107574_1180.jpg,3,Greater Swiss Mountain Dog,official_train
n02107574-Greater_Swiss_Mountain_dog/n02107574_1246.jpg,3,Greater Swiss Mountain Dog,official_train
n02107574-Greater_Swiss_Mountain_dog/n02107574_1249.jpg,3,Greater Swiss Mountain Dog,official_train
n02107574-Greater_Swiss_Mountain_dog/n02107574_1261.jpg,3,Greater Swiss Mountain Dog,official_train
n02107574-Greater_Swiss_Mountain_dog/n02107574_1315.jpg,3,Greater Swiss Mountain Dog,official_train
n02107574-Greater_Swiss_Mountain_dog/n02107574_1390.jpg,3,Greater Swiss Mountain Dog,official_train
n02107574-Greater_Swiss_Mountain_dog/n02107574_1426.jpg,3,Greater Swiss Mountain Dog,official_train
n02107574-Greater_Swiss_Mountain_dog/n02107574_1472.jpg,3,Greater Swiss Mountain Dog,official_train
n02107574-Greater_Swiss_Mountain_dog/n02107574_15.jpg,3,Greater Swiss Mountain Dog,official_train
n02107574-Greater_Swiss_Mountain_dog/n02107574_1569.jpg,3,Greater Swiss Mountain Dog,official_train
n02107574-Greater_Swiss_Mountain_dog/n02107574_1669.jpg,3,Greater Swiss Mountain Dog,official_train
n02107574-Greater_Swiss_Mountain_dog/n02107574_169.jpg,3,Greater Swiss Mountain Dog,official_train
n02107574-Greater_Swiss_Mountain_dog/n02107574_173.jpg,3,Greater Swiss Mountain Dog,official_train
n02107574-Greater_Swiss_Mountain_dog/n02107574_1817.jpg,3,Greater Swiss Mountain Dog,official_train
n02107574-Greater_Swiss_Mountain_dog/n02107574_1871.jpg,3,Greater Swiss Mountain Dog,official_train
n02107574-Greater_Swiss_Mountain_dog/n02107574_1920.jpg,3,Greater Swiss Mountain Dog,official_train
n02107574-Greater_Swiss_Mountain_dog/n02107574_2005.jpg,3,Greater Swiss Mountain Dog,official_train
n02107574-Greater_Swiss_Mountain_dog/n02107574_2033.jpg,3,Greater Swiss Mountain Dog,official_train
n02107574-Greater_Swiss_Mountain_dog/n02107574_2065.jpg,3,Greater Swiss Mountain Dog,official_train
n02107574-Greater_Swiss_Mountain_dog/n02107574_2100.jpg,3,Greater Swiss Mountain Dog,official_train
n02107574-Greater_Swiss_Mountain_dog/n02107574_2191.jpg,3,Greater Swiss Mountain Dog,official_train
n02107574-Greater_Swiss_Mountain_dog/n02107574_2276.jpg,3,Greater Swiss Mountain Dog,official_train
n02107574-Greater_Swiss_Mountain_dog/n02107574_2283.jpg,3,Greater Swiss Mountain Dog,official_train
n02107574-Greater_Swiss_Mountain_dog/n02107574_2290.jpg,3,Greater Swiss Mountain Dog,official_train
n02107574-Greater_Swiss_Mountain_dog/n02107574_2339.jpg,3,Greater Swiss Mountain Dog,official_train
n02107574-Greater_Swiss_Mountain_dog/n02107574_2352.jpg,3,Greater Swiss Mountain Dog,official_train
n02107574-Greater_Swiss_Mountain_dog/n02107574_2377.jpg,3,Greater Swiss Mountain Dog,official_train
n02107574-Greater_Swiss_Mountain_dog/n02107574_2383.jpg,3,Greater Swiss Mountain Dog,official_train
n02107574-Greater_Swiss_Mountain_dog/n02107574_2436.jpg,3,Greater Swiss Mountain Dog,official_train
n02107574-Greater_Swiss_Mountain_dog/n02107574_2527.jpg,3,Greater Swiss Mountain Dog,official_train
n02107574-Greater_Swiss_Mountain_dog/n02107574_2574.jpg,3,Greater Swiss Mountain Dog,official_train
n02107574-Greater_Swiss_Mountain_dog/n02107574_2582.jpg,3,Greater Swiss Mountain Dog,official_train
n02107574-Greater_Swiss_Mountain_dog/n02107574_2650.jpg,3,Greater Swiss Mountain Dog,official_train
n02107574-Greater_Swiss_Mountain_dog/n02107574_2795.jpg,3,Greater Swiss Mountain Dog,official_train
n02107574-Greater_Swiss_Mountain_dog/n02107574_2905.jpg,3,Greater Swiss Mountain Dog,official_train
n02107574-Greater_Swiss_Mountain_dog/n02107574_2912.jpg,3,Greater Swiss Mountain Dog,official_train
n02107574-Greater_Swiss_Mountain_dog/n02107574_2954.jpg,3,Greater Swiss Mountain Dog,official_train
n02107574-Greater_Swiss_Mountain_dog/n02107574_2960.jpg,3,Greater Swiss Mountain Dog,official_train
n02107574-Greater_Swiss_Mountain_dog/n02107574_2994.jpg,3,Greater Swiss Mountain Dog,official_train
n02107574-Greater_Swiss_Mountain_dog/n02107574_2998.jpg,3,Greater Swiss Mountain Dog,official_train
n02107574-Greater_Swiss_Mountain_dog/n02107574_306.jpg,3,Greater Swiss Mountain Dog,official_train
n02107574-Greater_Swiss_Mountain_dog/n02107574_3099.jpg,3,Greater Swiss Mountain Dog,official_train
n02107574-Greater_Swiss_Mountain_dog/n02107574_3113.jpg,3,Greater Swiss Mountain Dog,official_train
n02107574-Greater_Swiss_Mountain_dog/n02107574_3132.jpg,3,Greater Swiss Mountain Dog,official_train
n02107574-Greater_Swiss_Mountain_dog/n02107574_322.jpg,3,Greater Swiss Mountain Dog,official_train
n02107574-Greater_Swiss_Mountain_dog/n02107574_3270.jpg,3,Greater Swiss Mountain Dog,official_train
n02107574-Greater_Swiss_Mountain_dog/n02107574_330.jpg,3,Greater Swiss Mountain Dog,official_train
n02107574-Greater_Swiss_Mountain_dog/n02107574_380.jpg,3,Greater Swiss Mountain Dog,official_train
n02107574-Greater_Swiss_Mountain_dog/n02107574_426.jpg,3,Greater Swiss Mountain Dog,official_train
n02107574-Greater_Swiss_Mountain_dog/n02107574_434.jpg,3,Greater Swiss Mountain Dog,official_train
n02107574-Greater_Swiss_Mountain_dog/n02107574_481.jpg,3,Greater Swiss Mountain Dog,official_train
n02107574-Greater_Swiss_Mountain_dog/n02107574_492.jpg,3,Greater Swiss Mountain Dog,official_train
n02107574-Greater_Swiss_Mountain_dog/n02107574_497.jpg,3,Greater Swiss Mountain Dog,official_train
n02107574-Greater_Swiss_Mountain_dog/n02107574_534.jpg,3,Greater Swiss Mountain Dog,official_train
n02107574-Greater_Swiss_Mountain_dog/n02107574_579.jpg,3,Greater Swiss Mountain Dog,official_train
n02107574-Greater_Swiss_Mountain_dog/n02107574_581.jpg,3,Greater Swiss Mountain Dog,official_train
n02107574-Greater_Swiss_Mountain_dog/n02107574_592.jpg,3,Greater Swiss Mountain Dog,official_train
n02107574-Greater_Swiss_Mountain_dog/n02107574_618.jpg,3,Greater Swiss Mountain Dog,official_train
n02107574-Greater_Swiss_Mountain_dog/n02107574_627.jpg,3,Greater Swiss Mountain Dog,official_train
n02107574-Greater_Swiss_Mountain_dog/n02107574_753.jpg,3,Greater Swiss Mountain Dog,official_train
n02107574-Greater_Swiss_Mountain_dog/n02107574_778.jpg,3,Greater Swiss Mountain Dog,official_train
n02107574-Greater_Swiss_Mountain_dog/n02107574_798.jpg,3,Greater Swiss Mountain Dog,official_train
n02107574-Greater_Swiss_Mountain_dog/n02107574_819.jpg,3,Greater Swiss Mountain Dog,official_train
n02107574-Greater_Swiss_Mountain_dog/n02107574_835.jpg,3,Greater Swiss Mountain Dog,official_train
n02107574-Greater_Swiss_Mountain_dog/n02107574_888.jpg,3,Greater Swiss Mountain Dog,official_train
n02107574-Greater_Swiss_Mountain_dog/n02107574_910.jpg,3,Greater Swiss Mountain Dog,official_train
n02107574-Greater_Swiss_Mountain_dog/n02107574_926.jpg,3,Greater Swiss Mountain Dog,official_train
n02107574-Greater_Swiss_Mountain_dog/n02107574_97.jpg,3,Greater Swiss Mountain Dog,official_train
n02107574-Greater_Swiss_Mountain_dog/n02107574_972.jpg,3,Greater Swiss Mountain Dog,official_train
n02107574-Greater_Swiss_Mountain_dog/n02107574_976.jpg,3,Greater Swiss Mountain Dog,official_train
n02107908-Appenzeller/n02107908_1195.jpg,4,Appenzeller,official_train
n02107908-Appenzeller/n02107908_1575.jpg,4,Appenzeller,official_train
n02107908-Appenzeller/n02107908_1783.jpg,4,Appenzeller,official_train
n02107908-Appenzeller/n02107908_180.jpg,4,Appenzeller,official_train
n02107908-Appenzeller/n02107908_1811.jpg,4,Appenzeller,official_train
n02107908-Appenzeller/n02107908_1855.jpg,4,Appenzeller,official_train
n02107908-Appenzeller/n02107908_2085.jpg,4,Appenzeller,official_train
n02107908-Appenzeller/n02107908_2090.jpg,4,Appenzeller,official_train
n02107908-Appenzeller/n02107908_2092.jpg,4,Appenzeller,official_train
n02107908-Appenzeller/n02107908_2134.jpg,4,Appenzeller,official_train
n02107908-Appenzeller/n02107908_2227.jpg,4,Appenzeller,official_train
n02107908-Appenzeller/n02107908_2294.jpg,4,Appenzeller,official_train
n02107908-Appenzeller/n02107908_2340.jpg,4,Appenzeller,official_train
n02107908-Appenzeller/n02107908_2357.jpg,4,Appenzeller,official_train
n02107908-Appenzeller/n02107908_2382.jpg,4,Appenzeller,official_train
n02107908-Appenzeller/n02107908_2499.jpg,4,Appenzeller,official_train
n02107908-Appenzeller/n02107908_2543.jpg,4,Appenzeller,official_train
n02107908-Appenzeller/n02107908_2719.jpg,4,Appenzeller,official_train
n02107908-Appenzeller/n02107908_2723.jpg,4,Appenzeller,official_train
n02107908-Appenzeller/n02107908_2899.jpg,4,Appenzeller,official_train
n02107908-Appenzeller/n02107908_2913.jpg,4,Appenzeller,official_train
n02107908-Appenzeller/n02107908_2928.jpg,4,Appenzeller,official_train
n02107908-Appenzeller/n02107908_2963.jpg,4,Appenzeller,official_train
n02107908-Appenzeller/n02107908_3119.jpg,4,Appenzeller,official_train
n02107908-Appenzeller/n02107908_314.jpg,4,Appenzeller,official_train
n02107908-Appenzeller/n02107908_3155.jpg,4,Appenzeller,official_train
n02107908-Appenzeller/n02107908_3188.jpg,4,Appenzeller,official_train
n02107908-Appenzeller/n02107908_3311.jpg,4,Appenzeller,official_train
n02107908-Appenzeller/n02107908_3387.jpg,4,Appenzeller,official_train
n02107908-Appenzeller/n02107908_3450.jpg,4,Appenzeller,official_train
n02107908-Appenzeller/n02107908_3531.jpg,4,Appenzeller,official_train
n02107908-Appenzeller/n02107908_3720.jpg,4,Appenzeller,official_train
n02107908-Appenzeller/n02107908_3926.jpg,4,Appenzeller,official_train
n02107908-Appenzeller/n02107908_396.jpg,4,Appenzeller,official_train
n02107908-Appenzeller/n02107908_3991.jpg,4,Appenzeller,official_train
n02107908-Appenzeller/n02107908_4030.jpg,4,Appenzeller,official_train
n02107908-Appenzeller/n02107908_4092.jpg,4,Appenzeller,official_train
n02107908-Appenzeller/n02107908_4142.jpg,4,Appenzeller,official_train
n02107908-Appenzeller/n02107908_4247.jpg,4,Appenzeller,official_train
n02107908-Appenzeller/n02107908_4669.jpg,4,Appenzeller,official_train
n02107908-Appenzeller/n02107908_47.jpg,4,Appenzeller,official_train
n02107908-Appenzeller/n02107908_4704.jpg,4,Appenzeller,official_train
n02107908-Appenzeller/n02107908_4891.jpg,4,Appenzeller,official_train
n02107908-Appenzeller/n02107908_4903.jpg,4,Appenzeller,official_train
n02107908-Appenzeller/n02107908_4963.jpg,4,Appenzeller,official_train
n02107908-Appenzeller/n02107908_4964.jpg,4,Appenzeller,official_train
n02107908-Appenzeller/n02107908_5002.jpg,4,Appenzeller,official_train
n02107908-Appenzeller/n02107908_5017.jpg,4,Appenzeller,official_train
n02107908-Appenzeller/n02107908_5112.jpg,4,Appenzeller,official_train
n02107908-Appenzeller/n02107908_5162.jpg,4,Appenzeller,official_train
n02107908-Appenzeller/n02107908_5254.jpg,4,Appenzeller,official_train
n02107908-Appenzeller/n02107908_5371.jpg,4,Appenzeller,official_train
n02107908-Appenzeller/n02107908_5534.jpg,4,Appenzeller,official_train
n02107908-Appenzeller/n02107908_5662.jpg,4,Appenzeller,official_train
n02107908-Appenzeller/n02107908_5767.jpg,4,Appenzeller,official_train
n02107908-Appenzeller/n02107908_585.jpg,4,Appenzeller,official_train
n02107908-Appenzeller/n02107908_6008.jpg,4,Appenzeller,official_train
n02107908-Appenzeller/n02107908_6019.jpg,4,Appenzeller,official_train
n02107908-Appenzeller/n02107908_6042.jpg,4,Appenzeller,official_train
n02107908-Appenzeller/n02107908_6045.jpg,4,Appenzeller,official_train
n02107908-Appenzeller/n02107908_6487.jpg,4,Appenzeller,official_train
n02107908-Appenzeller/n02107908_6649.jpg,4,Appenzeller,official_train
n02107908-Appenzeller/n02107908_6751.jpg,4,Appenzeller,official_train
n02107908-Appenzeller/n02107908_6804.jpg,4,Appenzeller,official_train
n02107908-Appenzeller/n02107908_691.jpg,4,Appenzeller,official_train
n02107908-Appenzeller/n02107908_7236.jpg,4,Appenzeller,official_train
n02107908-Appenzeller/n02107908_7259.jpg,4,Appenzeller,official_train
n02107908-Appenzeller/n02107908_7267.jpg,4,Appenzeller,official_train
n02107908-Appenzeller/n02107908_7316.jpg,4,Appenzeller,official_train
n02107908-Appenzeller/n02107908_737.jpg,4,Appenzeller,official_train
n02107908-Appenzeller/n02107908_7443.jpg,4,Appenzeller,official_train
n02107908-Appenzeller/n02107908_754.jpg,4,Appenzeller,official_train
n02107908-Appenzeller/n02107908_7553.jpg,4,Appenzeller,official_train
n02107908-Appenzeller/n02107908_7567.jpg,4,Appenzeller,official_train
n02107908-Appenzeller/n02107908_7643.jpg,4,Appenzeller,official_train
n02107908-Appenzeller/n02107908_7711.jpg,4,Appenzeller,official_train
n02107908-Appenzeller/n02107908_795.jpg,4,Appenzeller,official_train
n02107908-Appenzeller/n02107908_849.jpg,4,Appenzeller,official_train
n02107908-Appenzeller/n02107908_9.jpg,4,Appenzeller,official_train
n02107908-Appenzeller/n02107908_94.jpg,4,Appenzeller,official_train
n02108000-EntleBucher/n02108000_1011.jpg,5,EntleBucher,official_train
n02108000-EntleBucher/n02108000_1044.jpg,5,EntleBucher,official_train
n02108000-EntleBucher/n02108000_1111.jpg,5,EntleBucher,official_train
n02108000-EntleBucher/n02108000_1112.jpg,5,EntleBucher,official_train
n02108000-EntleBucher/n02108000_1114.jpg,5,EntleBucher,official_train
n02108000-EntleBucher/n02108000_1167.jpg,5,EntleBucher,official_train
n02108000-EntleBucher/n02108000_1194.jpg,5,EntleBucher,official_train
n02108000-EntleBucher/n02108000_1225.jpg,5,EntleBucher,official_train
n02108000-EntleBucher/n02108000_1324.jpg,5,EntleBucher,official_train
n02108000-EntleBucher/n02108000_1339.jpg,5,EntleBucher,official_train
n02108000-EntleBucher/n02108000_1343.jpg,5,EntleBucher,official_train
n02108000-EntleBucher/n02108000_143.jpg,5,EntleBucher,official_train
n02108000-EntleBucher/n02108000_1516.jpg,5,EntleBucher,official_train
n02108000-EntleBucher/n02108000_1533.jpg,5,EntleBucher,official_train
n02108000-EntleBucher/n02108000_1547.jpg,5,EntleBucher,official_train
n02108000-EntleBucher/n02108000_157.jpg,5,EntleBucher,official_train
n02108000-EntleBucher/n02108000_1574.jpg,5,EntleBucher,official_train
n02108000-EntleBucher/n02108000_1600.jpg,5,EntleBucher,official_train
n02108000-EntleBucher/n02108000_1625.jpg,5,EntleBucher,official_train
n02108000-EntleBucher/n02108000_1671.jpg,5,EntleBucher,official_train
n02108000-EntleBucher/n02108000_1714.jpg,5,EntleBucher,official_train
n02108000-EntleBucher/n02108000_1750.jpg,5,EntleBucher,official_train
n02108000-EntleBucher/n02108000_1757.jpg,5,EntleBucher,official_train
n02108000-EntleBucher/n02108000_1844.jpg,5,EntleBucher,official_train
n02108000-EntleBucher/n02108000_1874.jpg,5,EntleBucher,official_train
n02108000-EntleBucher/n02108000_1881.jpg,5,EntleBucher,official_train
n02108000-EntleBucher/n02108000_1901.jpg,5,EntleBucher,official_train
n02108000-EntleBucher/n02108000_1904.jpg,5,EntleBucher,official_train
n02108000-EntleBucher/n02108000_202.jpg,5,EntleBucher,official_train
n02108000-EntleBucher/n02108000_2163.jpg,5,EntleBucher,official_train
n02108000-EntleBucher/n02108000_2172.jpg,5,EntleBucher,official_train
n02108000-EntleBucher/n02108000_2185.jpg,5,EntleBucher,official_train
n02108000-EntleBucher/n02108000_2264.jpg,5,EntleBucher,official_train
n02108000-EntleBucher/n02108000_2357.jpg,5,EntleBucher,official_train
n02108000-EntleBucher/n02108000_2369.jpg,5,EntleBucher,official_train
n02108000-EntleBucher/n02108000_25.jpg,5,EntleBucher,official_train
n02108000-EntleBucher/n02108000_253.jpg,5,EntleBucher,official_train
n02108000-EntleBucher/n02108000_2536.jpg,5,EntleBucher,official_train
n02108000-EntleBucher/n02108000_2550.jpg,5,EntleBucher,official_train
n02108000-EntleBucher/n02108000_2586.jpg,5,EntleBucher,official_train
n02108000-EntleBucher/n02108000_261.jpg,5,EntleBucher,official_train
n02108000-EntleBucher/n02108000_2644.jpg,5,EntleBucher,official_train
n02108000-EntleBucher/n02108000_2653.jpg,5,EntleBucher,official_train
n02108000-EntleBucher/n02108000_2878.jpg,5,EntleBucher,official_train
n02108000-EntleBucher/n02108000_2937.jpg,5,EntleBucher,official_train
n02108000-EntleBucher/n02108000_2962.jpg,5,EntleBucher,official_train
n02108000-EntleBucher/n02108000_2987.jpg,5,EntleBucher,official_train
n02108000-EntleBucher/n02108000_306.jpg,5,EntleBucher,official_train
n02108000-EntleBucher/n02108000_3074.jpg,5,EntleBucher,official_train
n02108000-EntleBucher/n02108000_31.jpg,5,EntleBucher,official_train
n02108000-EntleBucher/n02108000_316.jpg,5,EntleBucher,official_train
n02108000-EntleBucher/n02108000_3171.jpg,5,EntleBucher,official_train
n02108000-EntleBucher/n02108000_3207.jpg,5,EntleBucher,official_train
n02108000-EntleBucher/n02108000_324.jpg,5,EntleBucher,official_train
n02108000-EntleBucher/n02108000_3249.jpg,5,EntleBucher,official_train
n02108000-EntleBucher/n02108000_3296.jpg,5,EntleBucher,official_train
n02108000-EntleBucher/n02108000_3306.jpg,5,EntleBucher,official_train
n02108000-EntleBucher/n02108000_3457.jpg,5,EntleBucher,official_train
n02108000-EntleBucher/n02108000_3491.jpg,5,EntleBucher,official_train
n02108000-EntleBucher/n02108000_3514.jpg,5,EntleBucher,official_train
n02108000-EntleBucher/n02108000_352.jpg,5,EntleBucher,official_train
n02108000-EntleBucher/n02108000_355.jpg,5,EntleBucher,official_train
n02108000-EntleBucher/n02108000_3576.jpg,5,EntleBucher,official_train
n02108000-EntleBucher/n02108000_364.jpg,5,EntleBucher,official_train
n02108000-EntleBucher/n02108000_487.jpg,5,EntleBucher,official_train
n02108000-EntleBucher/n02108000_522.jpg,5,EntleBucher,official_train
n02108000-EntleBucher/n02108000_619.jpg,5,EntleBucher,official_train
n02108000-EntleBucher/n02108000_620.jpg,5,EntleBucher,official_train
n02108000-EntleBucher/n02108000_654.jpg,5,EntleBucher,official_train
n02108000-EntleBucher/n02108000_689.jpg,5,EntleBucher,official_train
n02108000-EntleBucher/n02108000_716.jpg,5,EntleBucher,official_train
n02108000-EntleBucher/n02108000_841.jpg,5,EntleBucher,official_train
n02108000-EntleBucher/n02108000_866.jpg,5,EntleBucher,official_train
n02108000-EntleBucher/n02108000_9.jpg,5,EntleBucher,official_train
n02108000-EntleBucher/n02108000_933.jpg,5,EntleBucher,official_train
n02108000-EntleBucher/n02108000_944.jpg,5,EntleBucher,official_train
n02108000-EntleBucher/n02108000_970.jpg,5,EntleBucher,official_train
n02108000-EntleBucher/n02108000_983.jpg,5,EntleBucher,official_train
n02108000-EntleBucher/n02108000_99.jpg,5,EntleBucher,official_train
n02108000-EntleBucher/n02108000_995.jpg,5,EntleBucher,official_train
n02113624-toy_poodle/n02113624_10203.jpg,6,Toy Poodle,official_train
n02113624-toy_poodle/n02113624_1023.jpg,6,Toy Poodle,official_train
n02113624-toy_poodle/n02113624_1050.jpg,6,Toy Poodle,official_train
n02113624-toy_poodle/n02113624_1063.jpg,6,Toy Poodle,official_train
n02113624-toy_poodle/n02113624_1077.jpg,6,Toy Poodle,official_train
n02113624-toy_poodle/n02113624_1220.jpg,6,Toy Poodle,official_train
n02113624-toy_poodle/n02113624_1293.jpg,6,Toy Poodle,official_train
n02113624-toy_poodle/n02113624_1302.jpg,6,Toy Poodle,official_train
n02113624-toy_poodle/n02113624_1559.jpg,6,Toy Poodle,official_train
n02113624-toy_poodle/n02113624_1576.jpg,6,Toy Poodle,official_train
n02113624-toy_poodle/n02113624_1606.jpg,6,Toy Poodle,official_train
n02113624-toy_poodle/n02113624_1639.jpg,6,Toy Poodle,official_train
n02113624-toy_poodle/n02113624_166.jpg,6,Toy Poodle,official_train
n02113624-toy_poodle/n02113624_1785.jpg,6,Toy Poodle,official_train
n02113624-toy_poodle/n02113624_1804.jpg,6,Toy Poodle,official_train
n02113624-toy_poodle/n02113624_1832.jpg,6,Toy Poodle,official_train
n02113624-toy_poodle/n02113624_1844.jpg,6,Toy Poodle,official_train
n02113624-toy_poodle/n02113624_1879.jpg,6,Toy Poodle,official_train
n02113624-toy_poodle/n02113624_1929.jpg,6,Toy Poodle,official_train
n02113624-toy_poodle/n02113624_2019.jpg,6,Toy Poodle,official_train
n02113624-toy_poodle/n02113624_213.jpg,6,Toy Poodle,official_train
n02113624-toy_poodle/n02113624_2223.jpg,6,Toy Poodle,official_train
n02113624-toy_poodle/n02113624_223.jpg,6,Toy Poodle,official_train
n02113624-toy_poodle/n02113624_2244.jpg,6,Toy Poodle,official_train
n02113624-toy_poodle/n02113624_2258.jpg,6,Toy Poodle,official_train
n02113624-toy_poodle/n02113624_2308.jpg,6,Toy Poodle,official_train
n02113624-toy_poodle/n02113624_2508.jpg,6,Toy Poodle,official_train
n02113624-toy_poodle/n02113624_2521.jpg,6,Toy Poodle,official_train
n02113624-toy_poodle/n02113624_2609.jpg,6,Toy Poodle,official_train
n02113624-toy_poodle/n02113624_265.jpg,6,Toy Poodle,official_train
n02113624-toy_poodle/n02113624_2727.jpg,6,Toy Poodle,official_train
n02113624-toy_poodle/n02113624_2816.jpg,6,Toy Poodle,official_train
n02113624-toy_poodle/n02113624_2883.jpg,6,Toy Poodle,official_train
n02113624-toy_poodle/n02113624_2934.jpg,6,Toy Poodle,official_train
n02113624-toy_poodle/n02113624_3093.jpg,6,Toy Poodle,official_train
n02113624-toy_poodle/n02113624_3297.jpg,6,Toy Poodle,official_train
n02113624-toy_poodle/n02113624_3344.jpg,6,Toy Poodle,official_train
n02113624-toy_poodle/n02113624_3460.jpg,6,Toy Poodle,official_train
n02113624-toy_poodle/n02113624_3462.jpg,6,Toy Poodle,official_train
n02113624-toy_poodle/n02113624_3691.jpg,6,Toy Poodle,official_train
n02113624-toy_poodle/n02113624_3796.jpg,6,Toy Poodle,official_train
n02113624-toy_poodle/n02113624_3808.jpg,6,Toy Poodle,official_train
n02113624-toy_poodle/n02113624_3864.jpg,6,Toy Poodle,official_train
n02113624-toy_poodle/n02113624_3887.jpg,6,Toy Poodle,official_train
n02113624-toy_poodle/n02113624_3960.jpg,6,Toy Poodle,official_train
n02113624-toy_poodle/n02113624_4045.jpg,6,Toy Poodle,official_train
n02113624-toy_poodle/n02113624_4087.jpg,6,Toy Poodle,official_train
n02113624-toy_poodle/n02113624_4349.jpg,6,Toy Poodle,official_train
n02113624-toy_poodle/n02113624_454.jpg,6,Toy Poodle,official_train
n02113624-toy_poodle/n02113624_4589.jpg,6,Toy Poodle,official_train
n02113624-toy_poodle/n02113624_5367.jpg,6,Toy Poodle,official_train
n02113624-toy_poodle/n02113624_5386.jpg,6,Toy Poodle,official_train
n02113624-toy_poodle/n02113624_5442.jpg,6,Toy Poodle,official_train
n02113624-toy_poodle/n02113624_5723.jpg,6,Toy Poodle,official_train
n02113624-toy_poodle/n02113624_6060.jpg,6,Toy Poodle,official_train
n02113624-toy_poodle/n02113624_6248.jpg,6,Toy Poodle,official_train
n02113624-toy_poodle/n02113624_629.jpg,6,Toy Poodle,official_train
n02113624-toy_poodle/n02113624_6456.jpg,6,Toy Poodle,official_train
n02113624-toy_poodle/n02113624_665.jpg,6,Toy Poodle,official_train
n02113624-toy_poodle/n02113624_6684.jpg,6,Toy Poodle,official_train
n02113624-toy_poodle/n02113624_6813.jpg,6,Toy Poodle,official_train
n02113624-toy_poodle/n02113624_6868.jpg,6,Toy Poodle,official_train
n02113624-toy_poodle/n02113624_7448.jpg,6,Toy Poodle,official_train
n02113624-toy_poodle/n02113624_7504.jpg,6,Toy Poodle,official_train
n02113624-toy_poodle/n02113624_7964.jpg,6,Toy Poodle,official_train
n02113624-toy_poodle/n02113624_7996.jpg,6,Toy Poodle,official_train
n02113624-toy_poodle/n02113624_7997.jpg,6,Toy Poodle,official_train
n02113624-toy_poodle/n02113624_836.jpg,6,Toy Poodle,official_train
n02113624-toy_poodle/n02113624_876.jpg,6,Toy Poodle,official_train
n02113624-toy_poodle/n02113624_8890.jpg,6,Toy Poodle,official_train
n02113624-toy_poodle/n02113624_8943.jpg,6,Toy Poodle,official_train
n02113624-toy_poodle/n02113624_8951.jpg,6,Toy Poodle,official_train
n02113624-toy_poodle/n02113624_9105.jpg,6,Toy Poodle,official_train
n02113624-toy_poodle/n02113624_9199.jpg,6,Toy Poodle,official_train
n02113624-toy_poodle/n02113624_9229.jpg,6,Toy Poodle,official_train
n02113624-toy_poodle/n02113624_925.jpg,6,Toy Poodle,official_train
n02113624-toy_poodle/n02113624_9550.jpg,6,Toy Poodle,official_train
n02113624-toy_poodle/n02113624_9574.jpg,6,Toy Poodle,official_train
n02113624-toy_poodle/n02113624_9828.jpg,6,Toy Poodle,official_train
n02113624-toy_poodle/n02113624_983.jpg,6,Toy Poodle,official_train
n02113712-miniature_poodle/n02113712_1077.jpg,7,Miniature Poodle,official_train
n02113712-miniature_poodle/n02113712_1136.jpg,7,Miniature Poodle,official_train
n02113712-miniature_poodle/n02113712_1226.jpg,7,Miniature Poodle,official_train
n02113712-miniature_poodle/n02113712_1252.jpg,7,Miniature Poodle,official_train
n02113712-miniature_poodle/n02113712_1310.jpg,7,Miniature Poodle,official_train
n02113712-miniature_poodle/n02113712_142.jpg,7,Miniature Poodle,official_train
n02113712-miniature_poodle/n02113712_1541.jpg,7,Miniature Poodle,official_train
n02113712-miniature_poodle/n02113712_1546.jpg,7,Miniature Poodle,official_train
n02113712-miniature_poodle/n02113712_1590.jpg,7,Miniature Poodle,official_train
n02113712-miniature_poodle/n02113712_163.jpg,7,Miniature Poodle,official_train
n02113712-miniature_poodle/n02113712_171.jpg,7,Miniature Poodle,official_train
n02113712-miniature_poodle/n02113712_1778.jpg,7,Miniature Poodle,official_train
n02113712-miniature_poodle/n02113712_1805.jpg,7,Miniature Poodle,official_train
n02113712-miniature_poodle/n02113712_1897.jpg,7,Miniature Poodle,official_train
n02113712-miniature_poodle/n02113712_2021.jpg,7,Miniature Poodle,official_train
n02113712-miniature_poodle/n02113712_2107.jpg,7,Miniature Poodle,official_train
n02113712-miniature_poodle/n02113712_211.jpg,7,Miniature Poodle,official_train
n02113712-miniature_poodle/n02113712_212.jpg,7,Miniature Poodle,official_train
n02113712-miniature_poodle/n02113712_2150.jpg,7,Miniature Poodle,official_train
n02113712-miniature_poodle/n02113712_2274.jpg,7,Miniature Poodle,official_train
n02113712-miniature_poodle/n02113712_230.jpg,7,Miniature Poodle,official_train
n02113712-miniature_poodle/n02113712_237.jpg,7,Miniature Poodle,official_train
n02113712-miniature_poodle/n02113712_2405.jpg,7,Miniature Poodle,official_train
n02113712-miniature_poodle/n02113712_243.jpg,7,Miniature Poodle,official_train
n02113712-miniature_poodle/n02113712_2568.jpg,7,Miniature Poodle,official_train
n02113712-miniature_poodle/n02113712_2653.jpg,7,Miniature Poodle,official_train
n02113712-miniature_poodle/n02113712_2699.jpg,7,Miniature Poodle,official_train
n02113712-miniature_poodle/n02113712_2718.jpg,7,Miniature Poodle,official_train
n02113712-miniature_poodle/n02113712_2746.jpg,7,Miniature Poodle,official_train
n02113712-miniature_poodle/n02113712_2784.jpg,7,Miniature Poodle,official_train
n02113712-miniature_poodle/n02113712_3049.jpg,7,Miniature Poodle,official_train
n02113712-miniature_poodle/n02113712_3109.jpg,7,Miniature Poodle,official_train
n02113712-miniature_poodle/n02113712_3117.jpg,7,Miniature Poodle,official_train
n02113712-miniature_poodle/n02113712_3120.jpg,7,Miniature Poodle,official_train
n02113712-miniature_poodle/n02113712_3138.jpg,7,Miniature Poodle,official_train
n02113712-miniature_poodle/n02113712_3147.jpg,7,Miniature Poodle,official_train
n02113712-miniature_poodle/n02113712_3155.jpg,7,Miniature Poodle,official_train
n02113712-miniature_poodle/n02113712_317.jpg,7,Miniature Poodle,official_train
n02113712-miniature_poodle/n02113712_3207.jpg,7,Miniature Poodle,official_train
n02113712-miniature_poodle/n02113712_3212.jpg,7,Miniature Poodle,official_train
n02113712-miniature_poodle/n02113712_325.jpg,7,Miniature Poodle,official_train
n02113712-miniature_poodle/n02113712_326.jpg,7,Miniature Poodle,official_train
n02113712-miniature_poodle/n02113712_3272.jpg,7,Miniature Poodle,official_train
n02113712-miniature_poodle/n02113712_3293.jpg,7,Miniature Poodle,official_train
n02113712-miniature_poodle/n02113712_3303.jpg,7,Miniature Poodle,official_train
n02113712-miniature_poodle/n02113712_3327.jpg,7,Miniature Poodle,official_train
n02113712-miniature_poodle/n02113712_348.jpg,7,Miniature Poodle,official_train
n02113712-miniature_poodle/n02113712_4170.jpg,7,Miniature Poodle,official_train
n02113712-miniature_poodle/n02113712_421.jpg,7,Miniature Poodle,official_train
n02113712-miniature_poodle/n02113712_438.jpg,7,Miniature Poodle,official_train
n02113712-miniature_poodle/n02113712_448.jpg,7,Miniature Poodle,official_train
n02113712-miniature_poodle/n02113712_4526.jpg,7,Miniature Poodle,official_train
n02113712-miniature_poodle/n02113712_48.jpg,7,Miniature Poodle,official_train
n02113712-miniature_poodle/n02113712_5210.jpg,7,Miniature Poodle,official_train
n02113712-miniature_poodle/n02113712_5289.jpg,7,Miniature Poodle,official_train
n02113712-miniature_poodle/n02113712_574.jpg,7,Miniature Poodle,official_train
n02113712-miniature_poodle/n02113712_578.jpg,7,Miniature Poodle,official_train
n02113712-miniature_poodle/n02113712_616.jpg,7,Miniature Poodle,official_train
n02113712-miniature_poodle/n02113712_628.jpg,7,Miniature Poodle,official_train
n02113712-miniature_poodle/n02113712_6384.jpg,7,Miniature Poodle,official_train
n02113712-miniature_poodle/n02113712_6697.jpg,7,Miniature Poodle,official_train
n02113712-miniature_poodle/n02113712_6974.jpg,7,Miniature Poodle,official_train
n02113712-miniature_poodle/n02113712_743.jpg,7,Miniature Poodle,official_train
n02113712-miniature_poodle/n02113712_7666.jpg,7,Miniature Poodle,official_train
n02113712-miniature_poodle/n02113712_7710.jpg,7,Miniature Poodle,official_train
n02113712-miniature_poodle/n02113712_777.jpg,7,Miniature Poodle,official_train
n02113712-miniature_poodle/n02113712_8008.jpg,7,Miniature Poodle,official_train
n02113712-miniature_poodle/n02113712_8177.jpg,7,Miniature Poodle,official_train
n02113712-miniature_poodle/n02113712_8473.jpg,7,Miniature Poodle,official_train
n02113712-miniature_poodle/n02113712_8487.jpg,7,Miniature Poodle,official_train
n02113712-miniature_poodle/n02113712_8595.jpg,7,Miniature Poodle,official_train
n02113712-miniature_poodle/n02113712_8708.jpg,7,Miniature Poodle,official_train
n02113712-miniature_poodle/n02113712_8756.jpg,7,Miniature Poodle,official_train
n02113712-miniature_poodle/n02113712_8788.jpg,7,Miniature Poodle,official_train
n02113712-miniature_poodle/n02113712_885.jpg,7,Miniature Poodle,official_train
n02113712-miniature_poodle/n02113712_936.jpg,7,Miniature Poodle,official_train
n02113712-miniature_poodle/n02113712_9546.jpg,7,Miniature Poodle,official_train
n02113712-miniature_poodle/n02113712_9573.jpg,7,Miniature Poodle,official_train
n02113712-miniature_poodle/n02113712_9629.jpg,7,Miniature Poodle,official_train
n02113712-miniature_poodle/n02113712_9752.jpg,7,Miniature Poodle,official_train
n02113799-standard_poodle/n02113799_1057.jpg,8,Standard Poodle,official_train
n02113799-standard_poodle/n02113799_1140.jpg,8,Standard Poodle,official_train
n02113799-standard_poodle/n02113799_1328.jpg,8,Standard Poodle,official_train
n02113799-standard_poodle/n02113799_1344.jpg,8,Standard Poodle,official_train
n02113799-standard_poodle/n02113799_1474.jpg,8,Standard Poodle,official_train
n02113799-standard_poodle/n02113799_153.jpg,8,Standard Poodle,official_train
n02113799-standard_poodle/n02113799_1532.jpg,8,Standard Poodle,official_train
n02113799-standard_poodle/n02113799_1536.jpg,8,Standard Poodle,official_train
n02113799-standard_poodle/n02113799_1539.jpg,8,Standard Poodle,official_train
n02113799-standard_poodle/n02113799_1568.jpg,8,Standard Poodle,official_train
n02113799-standard_poodle/n02113799_1572.jpg,8,Standard Poodle,official_train
n02113799-standard_poodle/n02113799_1646.jpg,8,Standard Poodle,official_train
n02113799-standard_poodle/n02113799_1727.jpg,8,Standard Poodle,official_train
n02113799-standard_poodle/n02113799_1743.jpg,8,Standard Poodle,official_train
n02113799-standard_poodle/n02113799_1793.jpg,8,Standard Poodle,official_train
n02113799-standard_poodle/n02113799_1906.jpg,8,Standard Poodle,official_train
n02113799-standard_poodle/n02113799_1976.jpg,8,Standard Poodle,official_train
n02113799-standard_poodle/n02113799_1980.jpg,8,Standard Poodle,official_train
n02113799-standard_poodle/n02113799_204.jpg,8,Standard Poodle,official_train
n02113799-standard_poodle/n02113799_2043.jpg,8,Standard Poodle,official_train
n02113799-standard_poodle/n02113799_2068.jpg,8,Standard Poodle,official_train
n02113799-standard_poodle/n02113799_2073.jpg,8,Standard Poodle,official_train
n02113799-standard_poodle/n02113799_2139.jpg,8,Standard Poodle,official_train
n02113799-standard_poodle/n02113799_2248.jpg,8,Standard Poodle,official_train
n02113799-standard_poodle/n02113799_2280.jpg,8,Standard Poodle,official_train
n02113799-standard_poodle/n02113799_2291.jpg,8,Standard Poodle,official_train
n02113799-standard_poodle/n02113799_2321.jpg,8,Standard Poodle,official_train
n02113799-standard_poodle/n02113799_2333.jpg,8,Standard Poodle,official_train
n02113799-standard_poodle/n02113799_2369.jpg,8,Standard Poodle,official_train
n02113799-standard_poodle/n02113799_2426.jpg,8,Standard Poodle,official_train
n02113799-standard_poodle/n02113799_2466.jpg,8,Standard Poodle,official_train
n02113799-standard_poodle/n02113799_2504.jpg,8,Standard Poodle,official_train
n02113799-standard_poodle/n02113799_253.jpg,8,Standard Poodle,official_train
n02113799-standard_poodle/n02113799_254.jpg,8,Standard Poodle,official_train
n02113799-standard_poodle/n02113799_2648.jpg,8,Standard Poodle,official_train
n02113799-standard_poodle/n02113799_2729.jpg,8,Standard Poodle,official_train
n02113799-standard_poodle/n02113799_2733.jpg,8,Standard Poodle,official_train
n02113799-standard_poodle/n02113799_2765.jpg,8,Standard Poodle,official_train
n02113799-standard_poodle/n02113799_2814.jpg,8,Standard Poodle,official_train
n02113799-standard_poodle/n02113799_283.jpg,8,Standard Poodle,official_train
n02113799-standard_poodle/n02113799_2932.jpg,8,Standard Poodle,official_train
n02113799-standard_poodle/n02113799_3098.jpg,8,Standard Poodle,official_train
n02113799-standard_poodle/n02113799_3278.jpg,8,Standard Poodle,official_train
n02113799-standard_poodle/n02113799_341.jpg,8,Standard Poodle,official_train
n02113799-standard_poodle/n02113799_3695.jpg,8,Standard Poodle,official_train
n02113799-standard_poodle/n02113799_4143.jpg,8,Standard Poodle,official_train
n02113799-standard_poodle/n02113799_4448.jpg,8,Standard Poodle,official_train
n02113799-standard_poodle/n02113799_4491.jpg,8,Standard Poodle,official_train
n02113799-standard_poodle/n02113799_4642.jpg,8,Standard Poodle,official_train
n02113799-standard_poodle/n02113799_4740.jpg,8,Standard Poodle,official_train
n02113799-standard_poodle/n02113799_489.jpg,8,Standard Poodle,official_train
n02113799-standard_poodle/n02113799_4904.jpg,8,Standard Poodle,official_train
n02113799-standard_poodle/n02113799_4946.jpg,8,Standard Poodle,official_train
n02113799-standard_poodle/n02113799_5023.jpg,8,Standard Poodle,official_train
n02113799-standard_poodle/n02113799_5372.jpg,8,Standard Poodle,official_train
n02113799-standard_poodle/n02113799_5766.jpg,8,Standard Poodle,official_train
n02113799-standard_poodle/n02113799_589.jpg,8,Standard Poodle,official_train
n02113799-standard_poodle/n02113799_5975.jpg,8,Standard Poodle,official_train
n02113799-standard_poodle/n02113799_5976.jpg,8,Standard Poodle,official_train
n02113799-standard_poodle/n02113799_6116.jpg,8,Standard Poodle,official_train
n02113799-standard_poodle/n02113799_6304.jpg,8,Standard Poodle,official_train
n02113799-standard_poodle/n02113799_6448.jpg,8,Standard Poodle,official_train
n02113799-standard_poodle/n02113799_6634.jpg,8,Standard Poodle,official_train
n02113799-standard_poodle/n02113799_6704.jpg,8,Standard Poodle,official_train
n02113799-standard_poodle/n02113799_6715.jpg,8,Standard Poodle,official_train
n02113799-standard_poodle/n02113799_6727.jpg,8,Standard Poodle,official_train
n02113799-standard_poodle/n02113799_6730.jpg,8,Standard Poodle,official_train
n02113799-standard_poodle/n02113799_6740.jpg,8,Standard Poodle,official_train
n02113799-standard_poodle/n02113799_6819.jpg,8,Standard Poodle,official_train
n02113799-standard_poodle/n02113799_6891.jpg,8,Standard Poodle,official_train
n02113799-standard_poodle/n02113799_6984.jpg,8,Standard Poodle,official_train
n02113799-standard_poodle/n02113799_7092.jpg,8,Standard Poodle,official_train
n02113799-standard_poodle/n02113799_7121.jpg,8,Standard Poodle,official_train
n02113799-standard_poodle/n02113799_7130.jpg,8,Standard Poodle,official_train
n02113799-standard_poodle/n02113799_7438.jpg,8,Standard Poodle,official_train
n02113799-standard_poodle/n02113799_7726.jpg,8,Standard Poodle,official_train
n02113799-standard_poodle/n02113799_848.jpg,8,Standard Poodle,official_train
n02113799-standard_poodle/n02113799_923.jpg,8,Standard Poodle,official_train
n02113799-standard_poodle/n02113799_936.jpg,8,Standard Poodle,official_train
n02113799-standard_poodle/n02113799_983.jpg,8,Standard Poodle,official_train
n02097047-miniature_schnauzer/n02097047_1028.jpg,9,Miniature Schnauzer,official_train
n02097047-miniature_schnauzer/n02097047_1115.jpg,9,Miniature Schnauzer,official_train
n02097047-miniature_schnauzer/n02097047_124.jpg,9,Miniature Schnauzer,official_train
n02097047-miniature_schnauzer/n02097047_1287.jpg,9,Miniature Schnauzer,official_train
n02097047-miniature_schnauzer/n02097047_1327.jpg,9,Miniature Schnauzer,official_train
n02097047-miniature_schnauzer/n02097047_1399.jpg,9,Miniature Schnauzer,official_train
n02097047-miniature_schnauzer/n02097047_1418.jpg,9,Miniature Schnauzer,official_train
n02097047-miniature_schnauzer/n02097047_1443.jpg,9,Miniature Schnauzer,official_train
n02097047-miniature_schnauzer/n02097047_1523.jpg,9,Miniature Schnauzer,official_train
n02097047-miniature_schnauzer/n02097047_1527.jpg,9,Miniature Schnauzer,official_train
n02097047-miniature_schnauzer/n02097047_1545.jpg,9,Miniature Schnauzer,official_train
n02097047-miniature_schnauzer/n02097047_1553.jpg,9,Miniature Schnauzer,official_train
n02097047-miniature_schnauzer/n02097047_1556.jpg,9,Miniature Schnauzer,official_train
n02097047-miniature_schnauzer/n02097047_157.jpg,9,Miniature Schnauzer,official_train
n02097047-miniature_schnauzer/n02097047_1589.jpg,9,Miniature Schnauzer,official_train
n02097047-miniature_schnauzer/n02097047_1601.jpg,9,Miniature Schnauzer,official_train
n02097047-miniature_schnauzer/n02097047_162.jpg,9,Miniature Schnauzer,official_train
n02097047-miniature_schnauzer/n02097047_1626.jpg,9,Miniature Schnauzer,official_train
n02097047-miniature_schnauzer/n02097047_1705.jpg,9,Miniature Schnauzer,official_train
n02097047-miniature_schnauzer/n02097047_1791.jpg,9,Miniature Schnauzer,official_train
n02097047-miniature_schnauzer/n02097047_1825.jpg,9,Miniature Schnauzer,official_train
n02097047-miniature_schnauzer/n02097047_1866.jpg,9,Miniature Schnauzer,official_train
n02097047-miniature_schnauzer/n02097047_1913.jpg,9,Miniature Schnauzer,official_train
n02097047-miniature_schnauzer/n02097047_1917.jpg,9,Miniature Schnauzer,official_train
n02097047-miniature_schnauzer/n02097047_1936.jpg,9,Miniature Schnauzer,official_train
n02097047-miniature_schnauzer/n02097047_2002.jpg,9,Miniature Schnauzer,official_train
n02097047-miniature_schnauzer/n02097047_2146.jpg,9,Miniature Schnauzer,official_train
n02097047-miniature_schnauzer/n02097047_2178.jpg,9,Miniature Schnauzer,official_train
n02097047-miniature_schnauzer/n02097047_2190.jpg,9,Miniature Schnauzer,official_train
n02097047-miniature_schnauzer/n02097047_2289.jpg,9,Miniature Schnauzer,official_train
n02097047-miniature_schnauzer/n02097047_232.jpg,9,Miniature Schnauzer,official_train
n02097047-miniature_schnauzer/n02097047_2418.jpg,9,Miniature Schnauzer,official_train
n02097047-miniature_schnauzer/n02097047_2426.jpg,9,Miniature Schnauzer,official_train
n02097047-miniature_schnauzer/n02097047_2439.jpg,9,Miniature Schnauzer,official_train
n02097047-miniature_schnauzer/n02097047_2470.jpg,9,Miniature Schnauzer,official_train
n02097047-miniature_schnauzer/n02097047_2497.jpg,9,Miniature Schnauzer,official_train
n02097047-miniature_schnauzer/n02097047_2511.jpg,9,Miniature Schnauzer,official_train
n02097047-miniature_schnauzer/n02097047_2604.jpg,9,Miniature Schnauzer,official_train
n02097047-miniature_schnauzer/n02097047_2634.jpg,9,Miniature Schnauzer,official_train
n02097047-miniature_schnauzer/n02097047_2701.jpg,9,Miniature Schnauzer,official_train
n02097047-miniature_schnauzer/n02097047_271.jpg,9,Miniature Schnauzer,official_train
n02097047-miniature_schnauzer/n02097047_2769.jpg,9,Miniature Schnauzer,official_train
n02097047-miniature_schnauzer/n02097047_2776.jpg,9,Miniature Schnauzer,official_train
n02097047-miniature_schnauzer/n02097047_2865.jpg,9,Miniature Schnauzer,official_train
n02097047-miniature_schnauzer/n02097047_2910.jpg,9,Miniature Schnauzer,official_train
n02097047-miniature_schnauzer/n02097047_2917.jpg,9,Miniature Schnauzer,official_train
n02097047-miniature_schnauzer/n02097047_2984.jpg,9,Miniature Schnauzer,official_train
n02097047-miniature_schnauzer/n02097047_3035.jpg,9,Miniature Schnauzer,official_train
n02097047-miniature_schnauzer/n02097047_3233.jpg,9,Miniature Schnauzer,official_train
n02097047-miniature_schnauzer/n02097047_328.jpg,9,Miniature Schnauzer,official_train
n02097047-miniature_schnauzer/n02097047_3429.jpg,9,Miniature Schnauzer,official_train
n02097047-miniature_schnauzer/n02097047_3579.jpg,9,Miniature Schnauzer,official_train
n02097047-miniature_schnauzer/n02097047_37.jpg,9,Miniature Schnauzer,official_train
n02097047-miniature_schnauzer/n02097047_3978.jpg,9,Miniature Schnauzer,official_train
n02097047-miniature_schnauzer/n02097047_4274.jpg,9,Miniature Schnauzer,official_train
n02097047-miniature_schnauzer/n02097047_4440.jpg,9,Miniature Schnauzer,official_train
n02097047-miniature_schnauzer/n02097047_4443.jpg,9,Miniature Schnauzer,official_train
n02097047-miniature_schnauzer/n02097047_4844.jpg,9,Miniature Schnauzer,official_train
n02097047-miniature_schnauzer/n02097047_4929.jpg,9,Miniature Schnauzer,official_train
n02097047-miniature_schnauzer/n02097047_509.jpg,9,Miniature Schnauzer,official_train
n02097047-miniature_schnauzer/n02097047_5205.jpg,9,Miniature Schnauzer,official_train
n02097047-miniature_schnauzer/n02097047_5644.jpg,9,Miniature Schnauzer,official_train
n02097047-miniature_schnauzer/n02097047_5806.jpg,9,Miniature Schnauzer,official_train
n02097047-miniature_schnauzer/n02097047_5837.jpg,9,Miniature Schnauzer,official_train
n02097047-miniature_schnauzer/n02097047_5989.jpg,9,Miniature Schnauzer,official_train
n02097047-miniature_schnauzer/n02097047_60.jpg,9,Miniature Schnauzer,official_train
n02097047-miniature_schnauzer/n02097047_610.jpg,9,Miniature Schnauzer,official_train
n02097047-miniature_schnauzer/n02097047_6203.jpg,9,Miniature Schnauzer,official_train
n02097047-miniature_schnauzer/n02097047_6434.jpg,9,Miniature Schnauzer,official_train
n02097047-miniature_schnauzer/n02097047_6503.jpg,9,Miniature Schnauzer,official_train
n02097047-miniature_schnauzer/n02097047_6534.jpg,9,Miniature Schnauzer,official_train
n02097047-miniature_schnauzer/n02097047_6553.jpg,9,Miniature Schnauzer,official_train
n02097047-miniature_schnauzer/n02097047_6567.jpg,9,Miniature Schnauzer,official_train
n02097047-miniature_schnauzer/n02097047_6627.jpg,9,Miniature Schnauzer,official_train
n02097047-miniature_schnauzer/n02097047_674.jpg,9,Miniature Schnauzer,official_train
n02097047-miniature_schnauzer/n02097047_6813.jpg,9,Miniature Schnauzer,official_train
n02097047-miniature_schnauzer/n02097047_6936.jpg,9,Miniature Schnauzer,official_train
n02097047-miniature_schnauzer/n02097047_724.jpg,9,Miniature Schnauzer,official_train
n02097047-miniature_schnauzer/n02097047_946.jpg,9,Miniature Schnauzer,official_train
n02097047-miniature_schnauzer/n02097047_951.jpg,9,Miniature Schnauzer,official_train
n02097209-standard_schnauzer/n02097209_1.jpg,10,Standard Schnauzer,official_train
n02097209-standard_schnauzer/n02097209_1004.jpg,10,Standard Schnauzer,official_train
n02097209-standard_schnauzer/n02097209_1042.jpg,10,Standard Schnauzer,official_train
n02097209-standard_schnauzer/n02097209_1092.jpg,10,Standard Schnauzer,official_train
n02097209-standard_schnauzer/n02097209_1101.jpg,10,Standard Schnauzer,official_train
n02097209-standard_schnauzer/n02097209_1164.jpg,10,Standard Schnauzer,official_train
n02097209-standard_schnauzer/n02097209_1170.jpg,10,Standard Schnauzer,official_train
n02097209-standard_schnauzer/n02097209_1240.jpg,10,Standard Schnauzer,official_train
n02097209-standard_schnauzer/n02097209_1247.jpg,10,Standard Schnauzer,official_train
n02097209-standard_schnauzer/n02097209_1298.jpg,10,Standard Schnauzer,official_train
n02097209-standard_schnauzer/n02097209_1353.jpg,10,Standard Schnauzer,official_train
n02097209-standard_schnauzer/n02097209_1363.jpg,10,Standard Schnauzer,official_train
n02097209-standard_schnauzer/n02097209_1364.jpg,10,Standard Schnauzer,official_train
n02097209-standard_schnauzer/n02097209_1387.jpg,10,Standard Schnauzer,official_train
n02097209-standard_schnauzer/n02097209_1491.jpg,10,Standard Schnauzer,official_train
n02097209-standard_schnauzer/n02097209_15.jpg,10,Standard Schnauzer,official_train
n02097209-standard_schnauzer/n02097209_1500.jpg,10,Standard Schnauzer,official_train
n02097209-standard_schnauzer/n02097209_1536.jpg,10,Standard Schnauzer,official_train
n02097209-standard_schnauzer/n02097209_169.jpg,10,Standard Schnauzer,official_train
n02097209-standard_schnauzer/n02097209_1760.jpg,10,Standard Schnauzer,official_train
n02097209-standard_schnauzer/n02097209_1772.jpg,10,Standard Schnauzer,official_train
n02097209-standard_schnauzer/n02097209_1889.jpg,10,Standard Schnauzer,official_train
n02097209-standard_schnauzer/n02097209_1923.jpg,10,Standard Schnauzer,official_train
n02097209-standard_schnauzer/n02097209_193.jpg,10,Standard Schnauzer,official_train
n02097209-standard_schnauzer/n02097209_1947.jpg,10,Standard Schnauzer,official_train
n02097209-standard_schnauzer/n02097209_1963.jpg,10,Standard Schnauzer,official_train
n02097209-standard_schnauzer/n02097209_2087.jpg,10,Standard Schnauzer,official_train
n02097209-standard_schnauzer/n02097209_213.jpg,10,Standard Schnauzer,official_train
n02097209-standard_schnauzer/n02097209_2195.jpg,10,Standard Schnauzer,official_train
n02097209-standard_schnauzer/n02097209_2214.jpg,10,Standard Schnauzer,official_train
n02097209-standard_schnauzer/n02097209_2274.jpg,10,Standard Schnauzer,official_train
n02097209-standard_schnauzer/n02097209_2347.jpg,10,Standard Schnauzer,official_train
n02097209-standard_schnauzer/n02097209_2423.jpg,10,Standard Schnauzer,official_train
n02097209-standard_schnauzer/n02097209_2432.jpg,10,Standard Schnauzer,official_train
n02097209-standard_schnauzer/n02097209_2468.jpg,10,Standard Schnauzer,official_train
n02097209-standard_schnauzer/n02097209_2505.jpg,10,Standard Schnauzer,official_train
n02097209-standard_schnauzer/n02097209_2629.jpg,10,Standard Schnauzer,official_train
n02097209-standard_schnauzer/n02097209_2676.jpg,10,Standard Schnauzer,official_train
n02097209-standard_schnauzer/n02097209_2714.jpg,10,Standard Schnauzer,official_train
n02097209-standard_schnauzer/n02097209_2793.jpg,10,Standard Schnauzer,official_train
n02097209-standard_schnauzer/n02097209_2813.jpg,10,Standard Schnauzer,official_train
n02097209-standard_schnauzer/n02097209_2990.jpg,10,Standard Schnauzer,official_train
n02097209-standard_schnauzer/n02097209_2998.jpg,10,Standard Schnauzer,official_train
n02097209-standard_schnauzer/n02097209_3089.jpg,10,Standard Schnauzer,official_train
n02097209-standard_schnauzer/n02097209_3172.jpg,10,Standard Schnauzer,official_train
n02097209-standard_schnauzer/n02097209_3202.jpg,10,Standard Schnauzer,official_train
n02097209-standard_schnauzer/n02097209_3275.jpg,10,Standard Schnauzer,official_train
n02097209-standard_schnauzer/n02097209_3281.jpg,10,Standard Schnauzer,official_train
n02097209-standard_schnauzer/n02097209_3366.jpg,10,Standard Schnauzer,official_train
n02097209-standard_schnauzer/n02097209_3383.jpg,10,Standard Schnauzer,official_train
n02097209-standard_schnauzer/n02097209_3428.jpg,10,Standard Schnauzer,official_train
n02097209-standard_schnauzer/n02097209_3447.jpg,10,Standard Schnauzer,official_train
n02097209-standard_schnauzer/n02097209_3543.jpg,10,Standard Schnauzer,official_train
n02097209-standard_schnauzer/n02097209_3589.jpg,10,Standard Schnauzer,official_train
n02097209-standard_schnauzer/n02097209_3630.jpg,10,Standard Schnauzer,official_train
n02097209-standard_schnauzer/n02097209_3652.jpg,10,Standard Schnauzer,official_train
n02097209-standard_schnauzer/n02097209_3729.jpg,10,Standard Schnauzer,official_train
n02097209-standard_schnauzer/n02097209_3730.jpg,10,Standard Schnauzer,official_train
n02097209-standard_schnauzer/n02097209_3811.jpg,10,Standard Schnauzer,official_train
n02097209-standard_schnauzer/n02097209_3823.jpg,10,Standard Schnauzer,official_train
n02097209-standard_schnauzer/n02097209_3831.jpg,10,Standard Schnauzer,official_train
n02097209-standard_schnauzer/n02097209_396.jpg,10,Standard Schnauzer,official_train
n02097209-standard_schnauzer/n02097209_4178.jpg,10,Standard Schnauzer,official_train
n02097209-standard_schnauzer/n02097209_4183.jpg,10,Standard Schnauzer,official_train
n02097209-standard_schnauzer/n02097209_4184.jpg,10,Standard Schnauzer,official_train
n02097209-standard_schnauzer/n02097209_4206.jpg,10,Standard Schnauzer,official_train
n02097209-standard_schnauzer/n02097209_445.jpg,10,Standard Schnauzer,official_train
n02097209-standard_schnauzer/n02097209_4508.jpg,10,Standard Schnauzer,official_train
n02097209-standard_schnauzer/n02097209_46.jpg,10,Standard Schnauzer,official_train
n02097209-standard_schnauzer/n02097209_469.jpg,10,Standard Schnauzer,official_train
n02097209-standard_schnauzer/n02097209_4712.jpg,10,Standard Schnauzer,official_train
n02097209-standard_schnauzer/n02097209_49.jpg,10,Standard Schnauzer,official_train
n02097209-standard_schnauzer/n02097209_548.jpg,10,Standard Schnauzer,official_train
n02097209-standard_schnauzer/n02097209_597.jpg,10,Standard Schnauzer,official_train
n02097209-standard_schnauzer/n02097209_632.jpg,10,Standard Schnauzer,official_train
n02097209-standard_schnauzer/n02097209_737.jpg,10,Standard Schnauzer,official_train
n02097209-standard_schnauzer/n02097209_746.jpg,10,Standard Schnauzer,official_train
n02097209-standard_schnauzer/n02097209_8.jpg,10,Standard Schnauzer,official_train
n02097209-standard_schnauzer/n02097209_944.jpg,10,Standard Schnauzer,official_train
n02097209-standard_schnauzer/n02097209_991.jpg,10,Standard Schnauzer,official_train
n02097130-giant_schnauzer/n02097130_1159.jpg,11,Giant Schnauzer,official_train
n02097130-giant_schnauzer/n02097130_1197.jpg,11,Giant Schnauzer,official_train
n02097130-giant_schnauzer/n02097130_1235.jpg,11,Giant Schnauzer,official_train
n02097130-giant_schnauzer/n02097130_1254.jpg,11,Giant Schnauzer,official_train
n02097130-giant_schnauzer/n02097130_1287.jpg,11,Giant Schnauzer,official_train
n02097130-giant_schnauzer/n02097130_1289.jpg,11,Giant Schnauzer,official_train
n02097130-giant_schnauzer/n02097130_1395.jpg,11,Giant Schnauzer,official_train
n02097130-giant_schnauzer/n02097130_1438.jpg,11,Giant Schnauzer,official_train
n02097130-giant_schnauzer/n02097130_1531.jpg,11,Giant Schnauzer,official_train
n02097130-giant_schnauzer/n02097130_1633.jpg,11,Giant Schnauzer,official_train
n02097130-giant_schnauzer/n02097130_1649.jpg,11,Giant Schnauzer,official_train
n02097130-giant_schnauzer/n02097130_1761.jpg,11,Giant Schnauzer,official_train
n02097130-giant_schnauzer/n02097130_1780.jpg,11,Giant Schnauzer,official_train
n02097130-giant_schnauzer/n02097130_1791.jpg,11,Giant Schnauzer,official_train
n02097130-giant_schnauzer/n02097130_1792.jpg,11,Giant Schnauzer,official_train
n02097130-giant_schnauzer/n02097130_1822.jpg,11,Giant Schnauzer,official_train
n02097130-giant_schnauzer/n02097130_1823.jpg,11,Giant Schnauzer,official_train
n02097130-giant_schnauzer/n02097130_1862.jpg,11,Giant Schnauzer,official_train
n02097130-giant_schnauzer/n02097130_1894.jpg,11,Giant Schnauzer,official_train
n02097130-giant_schnauzer/n02097130_1978.jpg,11,Giant Schnauzer,official_train
n02097130-giant_schnauzer/n02097130_1991.jpg,11,Giant Schnauzer,official_train
n02097130-giant_schnauzer/n02097130_2135.jpg,11,Giant Schnauzer,official_train
n02097130-giant_schnauzer/n02097130_2149.jpg,11,Giant Schnauzer,official_train
n02097130-giant_schnauzer/n02097130_2164.jpg,11,Giant Schnauzer,official_train
n02097130-giant_schnauzer/n02097130_2416.jpg,11,Giant Schnauzer,official_train
n02097130-giant_schnauzer/n02097130_2421.jpg,11,Giant Schnauzer,official_train
n02097130-giant_schnauzer/n02097130_243.jpg,11,Giant Schnauzer,official_train
n02097130-giant_schnauzer/n02097130_2471.jpg,11,Giant Schnauzer,official_train
n02097130-giant_schnauzer/n02097130_2487.jpg,11,Giant Schnauzer,official_train
n02097130-giant_schnauzer/n02097130_2552.jpg,11,Giant Schnauzer,official_train
n02097130-giant_schnauzer/n02097130_2586.jpg,11,Giant Schnauzer,official_train
n02097130-giant_schnauzer/n02097130_262.jpg,11,Giant Schnauzer,official_train
n02097130-giant_schnauzer/n02097130_2728.jpg,11,Giant Schnauzer,official_train
n02097130-giant_schnauzer/n02097130_2866.jpg,11,Giant Schnauzer,official_train
n02097130-giant_schnauzer/n02097130_2969.jpg,11,Giant Schnauzer,official_train
n02097130-giant_schnauzer/n02097130_2989.jpg,11,Giant Schnauzer,official_train
n02097130-giant_schnauzer/n02097130_3082.jpg,11,Giant Schnauzer,official_train
n02097130-giant_schnauzer/n02097130_3215.jpg,11,Giant Schnauzer,official_train
n02097130-giant_schnauzer/n02097130_3245.jpg,11,Giant Schnauzer,official_train
n02097130-giant_schnauzer/n02097130_3263.jpg,11,Giant Schnauzer,official_train
n02097130-giant_schnauzer/n02097130_3277.jpg,11,Giant Schnauzer,official_train
n02097130-giant_schnauzer/n02097130_3385.jpg,11,Giant Schnauzer,official_train
n02097130-giant_schnauzer/n02097130_3396.jpg,11,Giant Schnauzer,official_train
n02097130-giant_schnauzer/n02097130_3615.jpg,11,Giant Schnauzer,official_train
n02097130-giant_schnauzer/n02097130_3628.jpg,11,Giant Schnauzer,official_train
n02097130-giant_schnauzer/n02097130_3674.jpg,11,Giant Schnauzer,official_train
n02097130-giant_schnauzer/n02097130_3872.jpg,11,Giant Schnauzer,official_train
n02097130-giant_schnauzer/n02097130_4193.jpg,11,Giant Schnauzer,official_train
n02097130-giant_schnauzer/n02097130_4321.jpg,11,Giant Schnauzer,official_train
n02097130-giant_schnauzer/n02097130_4336.jpg,11,Giant Schnauzer,official_train
n02097130-giant_schnauzer/n02097130_4446.jpg,11,Giant Schnauzer,official_train
n02097130-giant_schnauzer/n02097130_4467.jpg,11,Giant Schnauzer,official_train
n02097130-giant_schnauzer/n02097130_4518.jpg,11,Giant Schnauzer,official_train
n02097130-giant_schnauzer/n02097130_4558.jpg,11,Giant Schnauzer,official_train
n02097130-giant_schnauzer/n02097130_4663.jpg,11,Giant Schnauzer,official_train
n02097130-giant_schnauzer/n02097130_4740.jpg,11,Giant Schnauzer,official_train
n02097130-giant_schnauzer/n02097130_5070.jpg,11,Giant Schnauzer,official_train
n02097130-giant_schnauzer/n02097130_5117.jpg,11,Giant Schnauzer,official_train
n02097130-giant_schnauzer/n02097130_5175.jpg,11,Giant Schnauzer,official_train
n02097130-giant_schnauzer/n02097130_5432.jpg,11,Giant Schnauzer,official_train
n02097130-giant_schnauzer/n02097130_5560.jpg,11,Giant Schnauzer,official_train
n02097130-giant_schnauzer/n02097130_5576.jpg,11,Giant Schnauzer,official_train
n02097130-giant_schnauzer/n02097130_5618.jpg,11,Giant Schnauzer,official_train
n02097130-giant_schnauzer/n02097130_5675.jpg,11,Giant Schnauzer,official_train
n02097130-giant_schnauzer/n02097130_5750.jpg,11,Giant Schnauzer,official_train
n02097130-giant_schnauzer/n02097130_5765.jpg,11,Giant Schnauzer,official_train
n02097130-giant_schnauzer/n02097130_582.jpg,11,Giant Schnauzer,official_train
n02097130-giant_schnauzer/n02097130_5840.jpg,11,Giant Schnauzer,official_train
n02097130-giant_schnauzer/n02097130_5882.jpg,11,Giant Schnauzer,official_train
n02097130-giant_schnauzer/n02097130_5891.jpg,11,Giant Schnauzer,official_train
n02097130-giant_schnauzer/n02097130_5907.jpg,11,Giant Schnauzer,official_train
n02097130-giant_schnauzer/n02097130_603.jpg,11,Giant Schnauzer,official_train
n02097130-giant_schnauzer/n02097130_6087.jpg,11,Giant Schnauzer,official_train
n02097130-giant_schnauzer/n02097130_6117.jpg,11,Giant Schnauzer,official_train
n02097130-giant_schnauzer/n02097130_6120.jpg,11,Giant Schnauzer,official_train
n02097130-giant_schnauzer/n02097130_6156.jpg,11,Giant Schnauzer,official_train
n02097130-giant_schnauzer/n02097130_864.jpg,11,Giant Schnauzer,official_train
n02097130-giant_schnauzer/n02097130_899.jpg,11,Giant Schnauzer,official_train
n02097130-giant_schnauzer/n02097130_925.jpg,11,Giant Schnauzer,official_train
n02097130-giant_schnauzer/n02097130_978.jpg,11,Giant Schnauzer,official_train
n02100735-English_setter/n02100735_10030.jpg,12,English Setter,official_train
n02100735-English_setter/n02100735_10038.jpg,12,English Setter,official_train
n02100735-English_setter/n02100735_10086.jpg,12,English Setter,official_train
n02100735-English_setter/n02100735_10147.jpg,12,English Setter,official_train
n02100735-English_setter/n02100735_10158.jpg,12,English Setter,official_train
n02100735-English_setter/n02100735_10175.jpg,12,English Setter,official_train
n02100735-English_setter/n02100735_10303.jpg,12,English Setter,official_train
n02100735-English_setter/n02100735_1117.jpg,12,English Setter,official_train
n02100735-English_setter/n02100735_1204.jpg,12,English Setter,official_train
n02100735-English_setter/n02100735_1388.jpg,12,English Setter,official_train
n02100735-English_setter/n02100735_1467.jpg,12,English Setter,official_train
n02100735-English_setter/n02100735_1609.jpg,12,English Setter,official_train
n02100735-English_setter/n02100735_1680.jpg,12,English Setter,official_train
n02100735-English_setter/n02100735_2051.jpg,12,English Setter,official_train
n02100735-English_setter/n02100735_2375.jpg,12,English Setter,official_train
n02100735-English_setter/n02100735_2428.jpg,12,English Setter,official_train
n02100735-English_setter/n02100735_2464.jpg,12,English Setter,official_train
n02100735-English_setter/n02100735_3.jpg,12,English Setter,official_train
n02100735-English_setter/n02100735_3111.jpg,12,English Setter,official_train
n02100735-English_setter/n02100735_3185.jpg,12,English Setter,official_train
n02100735-English_setter/n02100735_3194.jpg,12,English Setter,official_train
n02100735-English_setter/n02100735_3348.jpg,12,English Setter,official_train
n02100735-English_setter/n02100735_3595.jpg,12,English Setter,official_train
n02100735-English_setter/n02100735_3709.jpg,12,English Setter,official_train
n02100735-English_setter/n02100735_3847.jpg,12,English Setter,official_train
n02100735-English_setter/n02100735_3899.jpg,12,English Setter,official_train
n02100735-English_setter/n02100735_3923.jpg,12,English Setter,official_train
n02100735-English_setter/n02100735_3942.jpg,12,English Setter,official_train
n02100735-English_setter/n02100735_4.jpg,12,English Setter,official_train
n02100735-English_setter/n02100735_4040.jpg,12,English Setter,official_train
n02100735-English_setter/n02100735_4057.jpg,12,English Setter,official_train
n02100735-English_setter/n02100735_4172.jpg,12,English Setter,official_train
n02100735-English_setter/n02100735_4333.jpg,12,English Setter,official_train
n02100735-English_setter/n02100735_4508.jpg,12,English Setter,official_train
n02100735-English_setter/n02100735_4735.jpg,12,English Setter,official_train
n02100735-English_setter/n02100735_4857.jpg,12,English Setter,official_train
n02100735-English_setter/n02100735_4870.jpg,12,English Setter,official_train
n02100735-English_setter/n02100735_4875.jpg,12,English Setter,official_train
n02100735-English_setter/n02100735_4949.jpg,12,English Setter,official_train
n02100735-English_setter/n02100735_4972.jpg,12,English Setter,official_train
n02100735-English_setter/n02100735_523.jpg,12,English Setter,official_train
n02100735-English_setter/n02100735_5234.jpg,12,English Setter,official_train
n02100735-English_setter/n02100735_5258.jpg,12,English Setter,official_train
n02100735-English_setter/n02100735_568.jpg,12,English Setter,official_train
n02100735-English_setter/n02100735_5821.jpg,12,English Setter,official_train
n02100735-English_setter/n02100735_5852.jpg,12,English Setter,official_train
n02100735-English_setter/n02100735_5876.jpg,12,English Setter,official_train
n02100735-English_setter/n02100735_5967.jpg,12,English Setter,official_train
n02100735-English_setter/n02100735_6140.jpg,12,English Setter,official_train
n02100735-English_setter/n02100735_6303.jpg,12,English Setter,official_train
n02100735-English_setter/n02100735_634.jpg,12,English Setter,official_train
n02100735-English_setter/n02100735_6358.jpg,12,English Setter,official_train
n02100735-English_setter/n02100735_6660.jpg,12,English Setter,official_train
n02100735-English_setter/n02100735_6665.jpg,12,English Setter,official_train
n02100735-English_setter/n02100735_6707.jpg,12,English Setter,official_train
n02100735-English_setter/n02100735_6733.jpg,12,English Setter,official_train
n02100735-English_setter/n02100735_6803.jpg,12,English Setter,official_train
n02100735-English_setter/n02100735_6848.jpg,12,English Setter,official_train
n02100735-English_setter/n02100735_7054.jpg,12,English Setter,official_train
n02100735-English_setter/n02100735_7075.jpg,12,English Setter,official_train
n02100735-English_setter/n02100735_7078.jpg,12,English Setter,official_train
n02100735-English_setter/n02100735_721.jpg,12,English Setter,official_train
n02100735-English_setter/n02100735_7450.jpg,12,English Setter,official_train
n02100735-English_setter/n02100735_748.jpg,12,English Setter,official_train
n02100735-English_setter/n02100735_7525.jpg,12,English Setter,official_train
n02100735-English_setter/n02100735_7838.jpg,12,English Setter,official_train
n02100735-English_setter/n02100735_7847.jpg,12,English Setter,official_train
n02100735-English_setter/n02100735_8181.jpg,12,English Setter,official_train
n02100735-English_setter/n02100735_8272.jpg,12,English Setter,official_train
n02100735-English_setter/n02100735_8318.jpg,12,English Setter,official_train
n02100735-English_setter/n02100735_8630.jpg,12,English Setter,official_train
n02100735-English_setter/n02100735_8736.jpg,12,English Setter,official_train
n02100735-English_setter/n02100735_9111.jpg,12,English Setter,official_train
n02100735-English_setter/n02100735_920.jpg,12,English Setter,official_train
n02100735-English_setter/n02100735_9861.jpg,12,English Setter,official_train
n02100735-English_setter/n02100735_9865.jpg,12,English Setter,official_train
n02100735-English_setter/n02100735_9872.jpg,12,English Setter,official_train
n02100735-English_setter/n02100735_993.jpg,12,English Setter,official_train
n02100735-English_setter/n02100735_9951.jpg,12,English Setter,official_train
n02100735-English_setter/n02100735_9958.jpg,12,English Setter,official_train
n02100877-Irish_setter/n02100877_1020.jpg,13,Irish Setter,official_train
n02100877-Irish_setter/n02100877_1069.jpg,13,Irish Setter,official_train
n02100877-Irish_setter/n02100877_1165.jpg,13,Irish Setter,official_train
n02100877-Irish_setter/n02100877_1669.jpg,13,Irish Setter,official_train
n02100877-Irish_setter/n02100877_1749.jpg,13,Irish Setter,official_train
n02100877-Irish_setter/n02100877_1776.jpg,13,Irish Setter,official_train
n02100877-Irish_setter/n02100877_1787.jpg,13,Irish Setter,official_train
n02100877-Irish_setter/n02100877_18.jpg,13,Irish Setter,official_train
n02100877-Irish_setter/n02100877_1803.jpg,13,Irish Setter,official_train
n02100877-Irish_setter/n02100877_2199.jpg,13,Irish Setter,official_train
n02100877-Irish_setter/n02100877_2298.jpg,13,Irish Setter,official_train
n02100877-Irish_setter/n02100877_239.jpg,13,Irish Setter,official_train
n02100877-Irish_setter/n02100877_2481.jpg,13,Irish Setter,official_train
n02100877-Irish_setter/n02100877_2551.jpg,13,Irish Setter,official_train
n02100877-Irish_setter/n02100877_257.jpg,13,Irish Setter,official_train
n02100877-Irish_setter/n02100877_2675.jpg,13,Irish Setter,official_train
n02100877-Irish_setter/n02100877_2741.jpg,13,Irish Setter,official_train
n02100877-Irish_setter/n02100877_2793.jpg,13,Irish Setter,official_train
n02100877-Irish_setter/n02100877_2824.jpg,13,Irish Setter,official_train
n02100877-Irish_setter/n02100877_2832.jpg,13,Irish Setter,official_train
n02100877-Irish_setter/n02100877_2939.jpg,13,Irish Setter,official_train
n02100877-Irish_setter/n02100877_2970.jpg,13,Irish Setter,official_train
n02100877-Irish_setter/n02100877_2971.jpg,13,Irish Setter,official_train
n02100877-Irish_setter/n02100877_2989.jpg,13,Irish Setter,official_train
n02100877-Irish_setter/n02100877_3006.jpg,13,Irish Setter,official_train
n02100877-Irish_setter/n02100877_3017.jpg,13,Irish Setter,official_train
n02100877-Irish_setter/n02100877_3056.jpg,13,Irish Setter,official_train
n02100877-Irish_setter/n02100877_3195.jpg,13,Irish Setter,official_train
n02100877-Irish_setter/n02100877_3310.jpg,13,Irish Setter,official_train
n02100877-Irish_setter/n02100877_3417.jpg,13,Irish Setter,official_train
n02100877-Irish_setter/n02100877_356.jpg,13,Irish Setter,official_train
n02100877-Irish_setter/n02100877_3826.jpg,13,Irish Setter,official_train
n02100877-Irish_setter/n02100877_384.jpg,13,Irish Setter,official_train
n02100877-Irish_setter/n02100877_3865.jpg,13,Irish Setter,official_train
n02100877-Irish_setter/n02100877_407.jpg,13,Irish Setter,official_train
n02100877-Irish_setter/n02100877_4159.jpg,13,Irish Setter,official_train
n02100877-Irish_setter/n02100877_4259.jpg,13,Irish Setter,official_train
n02100877-Irish_setter/n02100877_427.jpg,13,Irish Setter,official_train
n02100877-Irish_setter/n02100877_4332.jpg,13,Irish Setter,official_train
n02100877-Irish_setter/n02100877_4371.jpg,13,Irish Setter,official_train
n02100877-Irish_setter/n02100877_4406.jpg,13,Irish Setter,official_train
n02100877-Irish_setter/n02100877_4506.jpg,13,Irish Setter,official_train
n02100877-Irish_setter/n02100877_4699.jpg,13,Irish Setter,official_train
n02100877-Irish_setter/n02100877_4700.jpg,13,Irish Setter,official_train
n02100877-Irish_setter/n02100877_4704.jpg,13,Irish Setter,official_train
n02100877-Irish_setter/n02100877_4716.jpg,13,Irish Setter,official_train
n02100877-Irish_setter/n02100877_4852.jpg,13,Irish Setter,official_train
n02100877-Irish_setter/n02100877_4898.jpg,13,Irish Setter,official_train
n02100877-Irish_setter/n02100877_5033.jpg,13,Irish Setter,official_train
n02100877-Irish_setter/n02100877_511.jpg,13,Irish Setter,official_train
n02100877-Irish_setter/n02100877_5231.jpg,13,Irish Setter,official_train
n02100877-Irish_setter/n02100877_5286.jpg,13,Irish Setter,official_train
n02100877-Irish_setter/n02100877_5764.jpg,13,Irish Setter,official_train
n02100877-Irish_setter/n02100877_5799.jpg,13,Irish Setter,official_train
n02100877-Irish_setter/n02100877_5861.jpg,13,Irish Setter,official_train
n02100877-Irish_setter/n02100877_5925.jpg,13,Irish Setter,official_train
n02100877-Irish_setter/n02100877_5986.jpg,13,Irish Setter,official_train
n02100877-Irish_setter/n02100877_5998.jpg,13,Irish Setter,official_train
n02100877-Irish_setter/n02100877_6214.jpg,13,Irish Setter,official_train
n02100877-Irish_setter/n02100877_6417.jpg,13,Irish Setter,official_train
n02100877-Irish_setter/n02100877_6436.jpg,13,Irish Setter,official_train
n02100877-Irish_setter/n02100877_6453.jpg,13,Irish Setter,official_train
n02100877-Irish_setter/n02100877_6462.jpg,13,Irish Setter,official_train
n02100877-Irish_setter/n02100877_648.jpg,13,Irish Setter,official_train
n02100877-Irish_setter/n02100877_6683.jpg,13,Irish Setter,official_train
n02100877-Irish_setter/n02100877_6724.jpg,13,Irish Setter,official_train
n02100877-Irish_setter/n02100877_6747.jpg,13,Irish Setter,official_train
n02100877-Irish_setter/n02100877_6852.jpg,13,Irish Setter,official_train
n02100877-Irish_setter/n02100877_6917.jpg,13,Irish Setter,official_train
n02100877-Irish_setter/n02100877_7033.jpg,13,Irish Setter,official_train
n02100877-Irish_setter/n02100877_7493.jpg,13,Irish Setter,official_train
n02100877-Irish_setter/n02100877_7519.jpg,13,Irish Setter,official_train
n02100877-Irish_setter/n02100877_7636.jpg,13,Irish Setter,official_train
n02100877-Irish_setter/n02100877_788.jpg,13,Irish Setter,official_train
n02100877-Irish_setter/n02100877_828.jpg,13,Irish Setter,official_train
n02100877-Irish_setter/n02100877_8321.jpg,13,Irish Setter,official_train
n02100877-Irish_setter/n02100877_8595.jpg,13,Irish Setter,official_train
n02100877-Irish_setter/n02100877_916.jpg,13,Irish Setter,official_train
n02100877-Irish_setter/n02100877_92.jpg,13,Irish Setter,official_train
n02100877-Irish_setter/n02100877_985.jpg,13,Irish Setter,official_train
n02101006-Gordon_setter/n02101006_1016.jpg,14,Gordon Setter,official_train
n02101006-Gordon_setter/n02101006_1059.jpg,14,Gordon Setter,official_train
n02101006-Gordon_setter/n02101006_1126.jpg,14,Gordon Setter,official_train
n02101006-Gordon_setter/n02101006_114.jpg,14,Gordon Setter,official_train
n02101006-Gordon_setter/n02101006_1153.jpg,14,Gordon Setter,official_train
n02101006-Gordon_setter/n02101006_1160.jpg,14,Gordon Setter,official_train
n02101006-Gordon_setter/n02101006_1202.jpg,14,Gordon Setter,official_train
n02101006-Gordon_setter/n02101006_1205.jpg,14,Gordon Setter,official_train
n02101006-Gordon_setter/n02101006_1208.jpg,14,Gordon Setter,official_train
n02101006-Gordon_setter/n02101006_1249.jpg,14,Gordon Setter,official_train
n02101006-Gordon_setter/n02101006_1297.jpg,14,Gordon Setter,official_train
n02101006-Gordon_setter/n02101006_1308.jpg,14,Gordon Setter,official_train
n02101006-Gordon_setter/n02101006_134.jpg,14,Gordon Setter,official_train
n02101006-Gordon_setter/n02101006_1354.jpg,14,Gordon Setter,official_train
n02101006-Gordon_setter/n02101006_1440.jpg,14,Gordon Setter,official_train
n02101006-Gordon_setter/n02101006_1476.jpg,14,Gordon Setter,official_train
n02101006-Gordon_setter/n02101006_1551.jpg,14,Gordon Setter,official_train
n02101006-Gordon_setter/n02101006_1637.jpg,14,Gordon Setter,official_train
n02101006-Gordon_setter/n02101006_1660.jpg,14,Gordon Setter,official_train
n02101006-Gordon_setter/n02101006_1678.jpg,14,Gordon Setter,official_train
n02101006-Gordon_setter/n02101006_1681.jpg,14,Gordon Setter,official_train
n02101006-Gordon_setter/n02101006_18.jpg,14,Gordon Setter,official_train
n02101006-Gordon_setter/n02101006_1814.jpg,14,Gordon Setter,official_train
n02101006-Gordon_setter/n02101006_1934.jpg,14,Gordon Setter,official_train
n02101006-Gordon_setter/n02101006_1963.jpg,14,Gordon Setter,official_train
n02101006-Gordon_setter/n02101006_2026.jpg,14,Gordon Setter,official_train
n02101006-Gordon_setter/n02101006_2031.jpg,14,Gordon Setter,official_train
n02101006-Gordon_setter/n02101006_2065.jpg,14,Gordon Setter,official_train
n02101006-Gordon_setter/n02101006_208.jpg,14,Gordon Setter,official_train
n02101006-Gordon_setter/n02101006_2092.jpg,14,Gordon Setter,official_train
n02101006-Gordon_setter/n02101006_2113.jpg,14,Gordon Setter,official_train
n02101006-Gordon_setter/n02101006_2232.jpg,14,Gordon Setter,official_train
n02101006-Gordon_setter/n02101006_2397.jpg,14,Gordon Setter,official_train
n02101006-Gordon_setter/n02101006_2414.jpg,14,Gordon Setter,official_train
n02101006-Gordon_setter/n02101006_2445.jpg,14,Gordon Setter,official_train
n02101006-Gordon_setter/n02101006_2468.jpg,14,Gordon Setter,official_train
n02101006-Gordon_setter/n02101006_2516.jpg,14,Gordon Setter,official_train
n02101006-Gordon_setter/n02101006_2540.jpg,14,Gordon Setter,official_train
n02101006-Gordon_setter/n02101006_2629.jpg,14,Gordon Setter,official_train
n02101006-Gordon_setter/n02101006_267.jpg,14,Gordon Setter,official_train
n02101006-Gordon_setter/n02101006_2776.jpg,14,Gordon Setter,official_train
n02101006-Gordon_setter/n02101006_283.jpg,14,Gordon Setter,official_train
n02101006-Gordon_setter/n02101006_2842.jpg,14,Gordon Setter,official_train
n02101006-Gordon_setter/n02101006_2902.jpg,14,Gordon Setter,official_train
n02101006-Gordon_setter/n02101006_2907.jpg,14,Gordon Setter,official_train
n02101006-Gordon_setter/n02101006_2918.jpg,14,Gordon Setter,official_train
n02101006-Gordon_setter/n02101006_299.jpg,14,Gordon Setter,official_train
n02101006-Gordon_setter/n02101006_3103.jpg,14,Gordon Setter,official_train
n02101006-Gordon_setter/n02101006_3288.jpg,14,Gordon Setter,official_train
n02101006-Gordon_setter/n02101006_3354.jpg,14,Gordon Setter,official_train
n02101006-Gordon_setter/n02101006_338.jpg,14,Gordon Setter,official_train
n02101006-Gordon_setter/n02101006_3442.jpg,14,Gordon Setter,official_train
n02101006-Gordon_setter/n02101006_3467.jpg,14,Gordon Setter,official_train
n02101006-Gordon_setter/n02101006_3766.jpg,14,Gordon Setter,official_train
n02101006-Gordon_setter/n02101006_3807.jpg,14,Gordon Setter,official_train
n02101006-Gordon_setter/n02101006_3914.jpg,14,Gordon Setter,official_train
n02101006-Gordon_setter/n02101006_3933.jpg,14,Gordon Setter,official_train
n02101006-Gordon_setter/n02101006_4203.jpg,14,Gordon Setter,official_train
n02101006-Gordon_setter/n02101006_4488.jpg,14,Gordon Setter,official_train
n02101006-Gordon_setter/n02101006_4510.jpg,14,Gordon Setter,official_train
n02101006-Gordon_setter/n02101006_4757.jpg,14,Gordon Setter,official_train
n02101006-Gordon_setter/n02101006_4807.jpg,14,Gordon Setter,official_train
n02101006-Gordon_setter/n02101006_489.jpg,14,Gordon Setter,official_train
n02101006-Gordon_setter/n02101006_493.jpg,14,Gordon Setter,official_train
n02101006-Gordon_setter/n02101006_561.jpg,14,Gordon Setter,official_train
n02101006-Gordon_setter/n02101006_581.jpg,14,Gordon Setter,official_train
n02101006-Gordon_setter/n02101006_6126.jpg,14,Gordon Setter,official_train
n02101006-Gordon_setter/n02101006_6152.jpg,14,Gordon Setter,official_train
n02101006-Gordon_setter/n02101006_6342.jpg,14,Gordon Setter,official_train
n02101006-Gordon_setter/n02101006_635.jpg,14,Gordon Setter,official_train
n02101006-Gordon_setter/n02101006_6949.jpg,14,Gordon Setter,official_train
n02101006-Gordon_setter/n02101006_7022.jpg,14,Gordon Setter,official_train
n02101006-Gordon_setter/n02101006_709.jpg,14,Gordon Setter,official_train
n02101006-Gordon_setter/n02101006_714.jpg,14,Gordon Setter,official_train
n02101006-Gordon_setter/n02101006_761.jpg,14,Gordon Setter,official_train
n02101006-Gordon_setter/n02101006_7867.jpg,14,Gordon Setter,official_train
n02101006-Gordon_setter/n02101006_795.jpg,14,Gordon Setter,official_train
n02101006-Gordon_setter/n02101006_8067.jpg,14,Gordon Setter,official_train
n02101006-Gordon_setter/n02101006_8651.jpg,14,Gordon Setter,official_train
n02101006-Gordon_setter/n02101006_922.jpg,14,Gordon Setter,official_train
n02102040-English_springer/n02102040_1082.jpg,15,English Springer,official_train
n02102040-English_springer/n02102040_113.jpg,15,English Springer,official_train
n02102040-English_springer/n02102040_1147.jpg,15,English Springer,official_train
n02102040-English_springer/n02102040_1157.jpg,15,English Springer,official_train
n02102040-English_springer/n02102040_1178.jpg,15,English Springer,official_train
n02102040-English_springer/n02102040_1230.jpg,15,English Springer,official_train
n02102040-English_springer/n02102040_1244.jpg,15,English Springer,official_train
n02102040-English_springer/n02102040_1259.jpg,15,English Springer,official_train
n02102040-English_springer/n02102040_1263.jpg,15,English Springer,official_train
n02102040-English_springer/n02102040_1266.jpg,15,English Springer,official_train
n02102040-English_springer/n02102040_1276.jpg,15,English Springer,official_train
n02102040-English_springer/n02102040_1289.jpg,15,English Springer,official_train
n02102040-English_springer/n02102040_1300.jpg,15,English Springer,official_train
n02102040-English_springer/n02102040_1495.jpg,15,English Springer,official_train
n02102040-English_springer/n02102040_1519.jpg,15,English Springer,official_train
n02102040-English_springer/n02102040_1579.jpg,15,English Springer,official_train
n02102040-English_springer/n02102040_1719.jpg,15,English Springer,official_train
n02102040-English_springer/n02102040_1983.jpg,15,English Springer,official_train
n02102040-English_springer/n02102040_2036.jpg,15,English Springer,official_train
n02102040-English_springer/n02102040_2764.jpg,15,English Springer,official_train
n02102040-English_springer/n02102040_2836.jpg,15,English Springer,official_train
n02102040-English_springer/n02102040_2959.jpg,15,English Springer,official_train
n02102040-English_springer/n02102040_3006.jpg,15,English Springer,official_train
n02102040-English_springer/n02102040_3096.jpg,15,English Springer,official_train
n02102040-English_springer/n02102040_312.jpg,15,English Springer,official_train
n02102040-English_springer/n02102040_3207.jpg,15,English Springer,official_train
n02102040-English_springer/n02102040_3228.jpg,15,English Springer,official_train
n02102040-English_springer/n02102040_3260.jpg,15,English Springer,official_train
n02102040-English_springer/n02102040_3335.jpg,15,English Springer,official_train
n02102040-English_springer/n02102040_3371.jpg,15,English Springer,official_train
n02102040-English_springer/n02102040_3562.jpg,15,English Springer,official_train
n02102040-English_springer/n02102040_3610.jpg,15,English Springer,official_train
n02102040-English_springer/n02102040_3621.jpg,15,English Springer,official_train
n02102040-English_springer/n02102040_3798.jpg,15,English Springer,official_train
n02102040-English_springer/n02102040_3867.jpg,15,English Springer,official_train
n02102040-English_springer/n02102040_3887.jpg,15,English Springer,official_train
n02102040-English_springer/n02102040_3963.jpg,15,English Springer,official_train
n02102040-English_springer/n02102040_3974.jpg,15,English Springer,official_train
n02102040-English_springer/n02102040_3984.jpg,15,English Springer,official_train
n02102040-English_springer/n02102040_3993.jpg,15,English Springer,official_train
n02102040-English_springer/n02102040_4256.jpg,15,English Springer,official_train
n02102040-English_springer/n02102040_4295.jpg,15,English Springer,official_train
n02102040-English_springer/n02102040_4738.jpg,15,English Springer,official_train
n02102040-English_springer/n02102040_4821.jpg,15,English Springer,official_train
n02102040-English_springer/n02102040_4835.jpg,15,English Springer,official_train
n02102040-English_springer/n02102040_5096.jpg,15,English Springer,official_train
n02102040-English_springer/n02102040_5133.jpg,15,English Springer,official_train
n02102040-English_springer/n02102040_5283.jpg,15,English Springer,official_train
n02102040-English_springer/n02102040_535.jpg,15,English Springer,official_train
n02102040-English_springer/n02102040_539.jpg,15,English Springer,official_train
n02102040-English_springer/n02102040_5604.jpg,15,English Springer,official_train
n02102040-English_springer/n02102040_5754.jpg,15,English Springer,official_train
n02102040-English_springer/n02102040_6109.jpg,15,English Springer,official_train
n02102040-English_springer/n02102040_6248.jpg,15,English Springer,official_train
n02102040-English_springer/n02102040_6313.jpg,15,English Springer,official_train
n02102040-English_springer/n02102040_6400.jpg,15,English Springer,official_train
n02102040-English_springer/n02102040_6473.jpg,15,English Springer,official_train
n02102040-English_springer/n02102040_6552.jpg,15,English Springer,official_train
n02102040-English_springer/n02102040_661.jpg,15,English Springer,official_train
n02102040-English_springer/n02102040_6786.jpg,15,English Springer,official_train
n02102040-English_springer/n02102040_6846.jpg,15,English Springer,official_train
n02102040-English_springer/n02102040_6890.jpg,15,English Springer,official_train
n02102040-English_springer/n02102040_690.jpg,15,English Springer,official_train
n02102040-English_springer/n02102040_709.jpg,15,English Springer,official_train
n02102040-English_springer/n02102040_7169.jpg,15,English Springer,official_train
n02102040-English_springer/n02102040_7262.jpg,15,English Springer,official_train
n02102040-English_springer/n02102040_7328.jpg,15,English Springer,official_train
n02102040-English_springer/n02102040_735.jpg,15,English Springer,official_train
n02102040-English_springer/n02102040_742.jpg,15,English Springer,official_train
n02102040-English_springer/n02102040_7596.jpg,15,English Springer,official_train
n02102040-English_springer/n02102040_7886.jpg,15,English Springer,official_train
n02102040-English_springer/n02102040_7895.jpg,15,English Springer,official_train
n02102040-English_springer/n02102040_835.jpg,15,English Springer,official_train
n02102040-English_springer/n02102040_841.jpg,15,English Springer,official_train
n02102040-English_springer/n02102040_858.jpg,15,English Springer,official_train
n02102040-English_springer/n02102040_876.jpg,15,English Springer,official_train
n02102040-English_springer/n02102040_902.jpg,15,English Springer,official_train
n02102040-English_springer/n02102040_986.jpg,15,English Springer,official_train
n02102040-English_springer/n02102040_988.jpg,15,English Springer,official_train
n02102040-English_springer/n02102040_995.jpg,15,English Springer,official_train
n02102177-Welsh_springer_spaniel/n02102177_1022.jpg,16,Welsh Springer Spaniel,official_train
n02102177-Welsh_springer_spaniel/n02102177_1028.jpg,16,Welsh Springer Spaniel,official_train
n02102177-Welsh_springer_spaniel/n02102177_1039.jpg,16,Welsh Springer Spaniel,official_train
n02102177-Welsh_springer_spaniel/n02102177_1055.jpg,16,Welsh Springer Spaniel,official_train
n02102177-Welsh_springer_spaniel/n02102177_108.jpg,16,Welsh Springer Spaniel,official_train
n02102177-Welsh_springer_spaniel/n02102177_1128.jpg,16,Welsh Springer Spaniel,official_train
n02102177-Welsh_springer_spaniel/n02102177_1210.jpg,16,Welsh Springer Spaniel,official_train
n02102177-Welsh_springer_spaniel/n02102177_1241.jpg,16,Welsh Springer Spaniel,official_train
n02102177-Welsh_springer_spaniel/n02102177_1242.jpg,16,Welsh Springer Spaniel,official_train
n02102177-Welsh_springer_spaniel/n02102177_1257.jpg,16,Welsh Springer Spaniel,official_train
n02102177-Welsh_springer_spaniel/n02102177_1386.jpg,16,Welsh Springer Spaniel,official_train
n02102177-Welsh_springer_spaniel/n02102177_1423.jpg,16,Welsh Springer Spaniel,official_train
n02102177-Welsh_springer_spaniel/n02102177_1476.jpg,16,Welsh Springer Spaniel,official_train
n02102177-Welsh_springer_spaniel/n02102177_1509.jpg,16,Welsh Springer Spaniel,official_train
n02102177-Welsh_springer_spaniel/n02102177_1546.jpg,16,Welsh Springer Spaniel,official_train
n02102177-Welsh_springer_spaniel/n02102177_1567.jpg,16,Welsh Springer Spaniel,official_train
n02102177-Welsh_springer_spaniel/n02102177_1702.jpg,16,Welsh Springer Spaniel,official_train
n02102177-Welsh_springer_spaniel/n02102177_1760.jpg,16,Welsh Springer Spaniel,official_train
n02102177-Welsh_springer_spaniel/n02102177_1798.jpg,16,Welsh Springer Spaniel,official_train
n02102177-Welsh_springer_spaniel/n02102177_1833.jpg,16,Welsh Springer Spaniel,official_train
n02102177-Welsh_springer_spaniel/n02102177_1914.jpg,16,Welsh Springer Spaniel,official_train
n02102177-Welsh_springer_spaniel/n02102177_1980.jpg,16,Welsh Springer Spaniel,official_train
n02102177-Welsh_springer_spaniel/n02102177_1998.jpg,16,Welsh Springer Spaniel,official_train
n02102177-Welsh_springer_spaniel/n02102177_2018.jpg,16,Welsh Springer Spaniel,official_train
n02102177-Welsh_springer_spaniel/n02102177_2055.jpg,16,Welsh Springer Spaniel,official_train
n02102177-Welsh_springer_spaniel/n02102177_2056.jpg,16,Welsh Springer Spaniel,official_train
n02102177-Welsh_springer_spaniel/n02102177_210.jpg,16,Welsh Springer Spaniel,official_train
n02102177-Welsh_springer_spaniel/n02102177_2148.jpg,16,Welsh Springer Spaniel,official_train
n02102177-Welsh_springer_spaniel/n02102177_236.jpg,16,Welsh Springer Spaniel,official_train
n02102177-Welsh_springer_spaniel/n02102177_2365.jpg,16,Welsh Springer Spaniel,official_train
n02102177-Welsh_springer_spaniel/n02102177_2524.jpg,16,Welsh Springer Spaniel,official_train
n02102177-Welsh_springer_spaniel/n02102177_2532.jpg,16,Welsh Springer Spaniel,official_train
n02102177-Welsh_springer_spaniel/n02102177_2621.jpg,16,Welsh Springer Spaniel,official_train
n02102177-Welsh_springer_spaniel/n02102177_2755.jpg,16,Welsh Springer Spaniel,official_train
n02102177-Welsh_springer_spaniel/n02102177_2852.jpg,16,Welsh Springer Spaniel,official_train
n02102177-Welsh_springer_spaniel/n02102177_2875.jpg,16,Welsh Springer Spaniel,official_train
n02102177-Welsh_springer_spaniel/n02102177_2891.jpg,16,Welsh Springer Spaniel,official_train
n02102177-Welsh_springer_spaniel/n02102177_2910.jpg,16,Welsh Springer Spaniel,official_train
n02102177-Welsh_springer_spaniel/n02102177_2911.jpg,16,Welsh Springer Spaniel,official_train
n02102177-Welsh_springer_spaniel/n02102177_2945.jpg,16,Welsh Springer Spaniel,official_train
n02102177-Welsh_springer_spaniel/n02102177_30.jpg,16,Welsh Springer Spaniel,official_train
n02102177-Welsh_springer_spaniel/n02102177_3114.jpg,16,Welsh Springer Spaniel,official_train
n02102177-Welsh_springer_spaniel/n02102177_3187.jpg,16,Welsh Springer Spaniel,official_train
n02102177-Welsh_springer_spaniel/n02102177_3295.jpg,16,Welsh Springer Spaniel,official_train
n02102177-Welsh_springer_spaniel/n02102177_3377.jpg,16,Welsh Springer Spaniel,official_train
n02102177-Welsh_springer_spaniel/n02102177_3438.jpg,16,Welsh Springer Spaniel,official_train
n02102177-Welsh_springer_spaniel/n02102177_3447.jpg,16,Welsh Springer Spaniel,official_train
n02102177-Welsh_springer_spaniel/n02102177_3658.jpg,16,Welsh Springer Spaniel,official_train
n02102177-Welsh_springer_spaniel/n02102177_3660.jpg,16,Welsh Springer Spaniel,official_train
n02102177-Welsh_springer_spaniel/n02102177_368.jpg,16,Welsh Springer Spaniel,official_train
n02102177-Welsh_springer_spaniel/n02102177_3686.jpg,16,Welsh Springer Spaniel,official_train
n02102177-Welsh_springer_spaniel/n02102177_3710.jpg,16,Welsh Springer Spaniel,official_train
n02102177-Welsh_springer_spaniel/n02102177_3729.jpg,16,Welsh Springer Spaniel,official_train
n02102177-Welsh_springer_spaniel/n02102177_3737.jpg,16,Welsh Springer Spaniel,official_train
n02102177-Welsh_springer_spaniel/n02102177_3916.jpg,16,Welsh Springer Spaniel,official_train
n02102177-Welsh_springer_spaniel/n02102177_3917.jpg,16,Welsh Springer Spaniel,official_train
n02102177-Welsh_springer_spaniel/n02102177_3947.jpg,16,Welsh Springer Spaniel,official_train
n02102177-Welsh_springer_spaniel/n02102177_3974.jpg,16,Welsh Springer Spaniel,official_train
n02102177-Welsh_springer_spaniel/n02102177_3995.jpg,16,Welsh Springer Spaniel,official_train
n02102177-Welsh_springer_spaniel/n02102177_4024.jpg,16,Welsh Springer Spaniel,official_train
n02102177-Welsh_springer_spaniel/n02102177_408.jpg,16,Welsh Springer Spaniel,official_train
n02102177-Welsh_springer_spaniel/n02102177_415.jpg,16,Welsh Springer Spaniel,official_train
n02102177-Welsh_springer_spaniel/n02102177_4181.jpg,16,Welsh Springer Spaniel,official_train
n02102177-Welsh_springer_spaniel/n02102177_4202.jpg,16,Welsh Springer Spaniel,official_train
n02102177-Welsh_springer_spaniel/n02102177_4232.jpg,16,Welsh Springer Spaniel,official_train
n02102177-Welsh_springer_spaniel/n02102177_4255.jpg,16,Welsh Springer Spaniel,official_train
n02102177-Welsh_springer_spaniel/n02102177_48.jpg,16,Welsh Springer Spaniel,official_train
n02102177-Welsh_springer_spaniel/n02102177_501.jpg,16,Welsh Springer Spaniel,official_train
n02102177-Welsh_springer_spaniel/n02102177_528.jpg,16,Welsh Springer Spaniel,official_train
n02102177-Welsh_springer_spaniel/n02102177_656.jpg,16,Welsh Springer Spaniel,official_train
n02102177-Welsh_springer_spaniel/n02102177_66.jpg,16,Welsh Springer Spaniel,official_train
n02102177-Welsh_springer_spaniel/n02102177_67.jpg,16,Welsh Springer Spaniel,official_train
n02102177-Welsh_springer_spaniel/n02102177_671.jpg,16,Welsh Springer Spaniel,official_train
n02102177-Welsh_springer_spaniel/n02102177_702.jpg,16,Welsh Springer Spaniel,official_train
n02102177-Welsh_springer_spaniel/n02102177_707.jpg,16,Welsh Springer Spaniel,official_train
n02102177-Welsh_springer_spaniel/n02102177_715.jpg,16,Welsh Springer Spaniel,official_train
n02102177-Welsh_springer_spaniel/n02102177_716.jpg,16,Welsh Springer Spaniel,official_train
n02102177-Welsh_springer_spaniel/n02102177_803.jpg,16,Welsh Springer Spaniel,official_train
n02102177-Welsh_springer_spaniel/n02102177_818.jpg,16,Welsh Springer Spaniel,official_train
n02102177-Welsh_springer_spaniel/n02102177_964.jpg,16,Welsh Springer Spaniel,official_train
n02102318-cocker_spaniel/n02102318_10020.jpg,17,Cocker Spaniel,official_train
n02102318-cocker_spaniel/n02102318_10087.jpg,17,Cocker Spaniel,official_train
n02102318-cocker_spaniel/n02102318_10162.jpg,17,Cocker Spaniel,official_train
n02102318-cocker_spaniel/n02102318_10180.jpg,17,Cocker Spaniel,official_train
n02102318-cocker_spaniel/n02102318_10226.jpg,17,Cocker Spaniel,official_train
n02102318-cocker_spaniel/n02102318_10483.jpg,17,Cocker Spaniel,official_train
n02102318-cocker_spaniel/n02102318_10595.jpg,17,Cocker Spaniel,official_train
n02102318-cocker_spaniel/n02102318_10703.jpg,17,Cocker Spaniel,official_train
n02102318-cocker_spaniel/n02102318_10818.jpg,17,Cocker Spaniel,official_train
n02102318-cocker_spaniel/n02102318_11072.jpg,17,Cocker Spaniel,official_train
n02102318-cocker_spaniel/n02102318_11141.jpg,17,Cocker Spaniel,official_train
n02102318-cocker_spaniel/n02102318_11481.jpg,17,Cocker Spaniel,official_train
n02102318-cocker_spaniel/n02102318_11573.jpg,17,Cocker Spaniel,official_train
n02102318-cocker_spaniel/n02102318_11615.jpg,17,Cocker Spaniel,official_train
n02102318-cocker_spaniel/n02102318_11704.jpg,17,Cocker Spaniel,official_train
n02102318-cocker_spaniel/n02102318_11769.jpg,17,Cocker Spaniel,official_train
n02102318-cocker_spaniel/n02102318_11805.jpg,17,Cocker Spaniel,official_train
n02102318-cocker_spaniel/n02102318_11865.jpg,17,Cocker Spaniel,official_train
n02102318-cocker_spaniel/n02102318_11890.jpg,17,Cocker Spaniel,official_train
n02102318-cocker_spaniel/n02102318_12008.jpg,17,Cocker Spaniel,official_train
n02102318-cocker_spaniel/n02102318_12238.jpg,17,Cocker Spaniel,official_train
n02102318-cocker_spaniel/n02102318_12846.jpg,17,Cocker Spaniel,official_train
n02102318-cocker_spaniel/n02102318_12877.jpg,17,Cocker Spaniel,official_train
n02102318-cocker_spaniel/n02102318_12887.jpg,17,Cocker Spaniel,official_train
n02102318-cocker_spaniel/n02102318_13800.jpg,17,Cocker Spaniel,official_train
n02102318-cocker_spaniel/n02102318_14073.jpg,17,Cocker Spaniel,official_train
n02102318-cocker_spaniel/n02102318_14111.jpg,17,Cocker Spaniel,official_train
n02102318-cocker_spaniel/n02102318_14555.jpg,17,Cocker Spaniel,official_train
n02102318-cocker_spaniel/n02102318_1458.jpg,17,Cocker Spaniel,official_train
n02102318-cocker_spaniel/n02102318_14756.jpg,17,Cocker Spaniel,official_train
n02102318-cocker_spaniel/n02102318_14794.jpg,17,Cocker Spaniel,official_train
n02102318-cocker_spaniel/n02102318_1597.jpg,17,Cocker Spaniel,official_train
n02102318-cocker_spaniel/n02102318_1691.jpg,17,Cocker Spaniel,official_train
n02102318-cocker_spaniel/n02102318_1754.jpg,17,Cocker Spaniel,official_train
n02102318-cocker_spaniel/n02102318_20.jpg,17,Cocker Spaniel,official_train
n02102318-cocker_spaniel/n02102318_2073.jpg,17,Cocker Spaniel,official_train
n02102318-cocker_spaniel/n02102318_234.jpg,17,Cocker Spaniel,official_train
n02102318-cocker_spaniel/n02102318_2698.jpg,17,Cocker Spaniel,official_train
n02102318-cocker_spaniel/n02102318_2984.jpg,17,Cocker Spaniel,official_train
n02102318-cocker_spaniel/n02102318_3545.jpg,17,Cocker Spaniel,official_train
n02102318-cocker_spaniel/n02102318_3658.jpg,17,Cocker Spaniel,official_train
n02102318-cocker_spaniel/n02102318_3696.jpg,17,Cocker Spaniel,official_train
n02102318-cocker_spaniel/n02102318_3827.jpg,17,Cocker Spaniel,official_train
n02102318-cocker_spaniel/n02102318_4130.jpg,17,Cocker Spaniel,official_train
n02102318-cocker_spaniel/n02102318_4172.jpg,17,Cocker Spaniel,official_train
n02102318-cocker_spaniel/n02102318_4217.jpg,17,Cocker Spaniel,official_train
n02102318-cocker_spaniel/n02102318_422.jpg,17,Cocker Spaniel,official_train
n02102318-cocker_spaniel/n02102318_4716.jpg,17,Cocker Spaniel,official_train
n02102318-cocker_spaniel/n02102318_518.jpg,17,Cocker Spaniel,official_train
n02102318-cocker_spaniel/n02102318_5690.jpg,17,Cocker Spaniel,official_train
n02102318-cocker_spaniel/n02102318_5790.jpg,17,Cocker Spaniel,official_train
n02102318-cocker_spaniel/n02102318_5855.jpg,17,Cocker Spaniel,official_train
n02102318-cocker_spaniel/n02102318_6225.jpg,17,Cocker Spaniel,official_train
n02102318-cocker_spaniel/n02102318_6612.jpg,17,Cocker Spaniel,official_train
n02102318-cocker_spaniel/n02102318_7039.jpg,17,Cocker Spaniel,official_train
n02102318-cocker_spaniel/n02102318_7059.jpg,17,Cocker Spaniel,official_train
n02102318-cocker_spaniel/n02102318_7110.jpg,17,Cocker Spaniel,official_train
n02102318-cocker_spaniel/n02102318_7327.jpg,17,Cocker Spaniel,official_train
n02102318-cocker_spaniel/n02102318_8275.jpg,17,Cocker Spaniel,official_train
n02102318-cocker_spaniel/n02102318_8482.jpg,17,Cocker Spaniel,official_train
n02102318-cocker_spaniel/n02102318_8504.jpg,17,Cocker Spaniel,official_train
n02102318-cocker_spaniel/n02102318_8518.jpg,17,Cocker Spaniel,official_train
n02102318-cocker_spaniel/n02102318_8534.jpg,17,Cocker Spaniel,official_train
n02102318-cocker_spaniel/n02102318_8666.jpg,17,Cocker Spaniel,official_train
n02102318-cocker_spaniel/n02102318_8697.jpg,17,Cocker Spaniel,official_train
n02102318-cocker_spaniel/n02102318_89.jpg,17,Cocker Spaniel,official_train
n02102318-cocker_spaniel/n02102318_8961.jpg,17,Cocker Spaniel,official_train
n02102318-cocker_spaniel/n02102318_8990.jpg,17,Cocker Spaniel,official_train
n02102318-cocker_spaniel/n02102318_9032.jpg,17,Cocker Spaniel,official_train
n02102318-cocker_spaniel/n02102318_9197.jpg,17,Cocker Spaniel,official_train
n02102318-cocker_spaniel/n02102318_9216.jpg,17,Cocker Spaniel,official_train
n02102318-cocker_spaniel/n02102318_9250.jpg,17,Cocker Spaniel,official_train
n02102318-cocker_spaniel/n02102318_9254.jpg,17,Cocker Spaniel,official_train
n02102318-cocker_spaniel/n02102318_9307.jpg,17,Cocker Spaniel,official_train
n02102318-cocker_spaniel/n02102318_9452.jpg,17,Cocker Spaniel,official_train
n02102318-cocker_spaniel/n02102318_9488.jpg,17,Cocker Spaniel,official_train
n02102318-cocker_spaniel/n02102318_9495.jpg,17,Cocker Spaniel,official_train
n02102318-cocker_spaniel/n02102318_9723.jpg,17,Cocker Spaniel,official_train
n02102318-cocker_spaniel/n02102318_9755.jpg,17,Cocker Spaniel,official_train
n02102318-cocker_spaniel/n02102318_9822.jpg,17,Cocker Spaniel,official_train
n02094114-Norfolk_terrier/n02094114_1076.jpg,18,Norfolk Terrier,official_train
n02094114-Norfolk_terrier/n02094114_113.jpg,18,Norfolk Terrier,official_train
n02094114-Norfolk_terrier/n02094114_1179.jpg,18,Norfolk Terrier,official_train
n02094114-Norfolk_terrier/n02094114_1232.jpg,18,Norfolk Terrier,official_train
n02094114-Norfolk_terrier/n02094114_1267.jpg,18,Norfolk Terrier,official_train
n02094114-Norfolk_terrier/n02094114_1353.jpg,18,Norfolk Terrier,official_train
n02094114-Norfolk_terrier/n02094114_1416.jpg,18,Norfolk Terrier,official_train
n02094114-Norfolk_terrier/n02094114_1457.jpg,18,Norfolk Terrier,official_train
n02094114-Norfolk_terrier/n02094114_1467.jpg,18,Norfolk Terrier,official_train
n02094114-Norfolk_terrier/n02094114_1497.jpg,18,Norfolk Terrier,official_train
n02094114-Norfolk_terrier/n02094114_1505.jpg,18,Norfolk Terrier,official_train
n02094114-Norfolk_terrier/n02094114_1540.jpg,18,Norfolk Terrier,official_train
n02094114-Norfolk_terrier/n02094114_1595.jpg,18,Norfolk Terrier,official_train
n02094114-Norfolk_terrier/n02094114_1610.jpg,18,Norfolk Terrier,official_train
n02094114-Norfolk_terrier/n02094114_1665.jpg,18,Norfolk Terrier,official_train
n02094114-Norfolk_terrier/n02094114_1734.jpg,18,Norfolk Terrier,official_train
n02094114-Norfolk_terrier/n02094114_1826.jpg,18,Norfolk Terrier,official_train
n02094114-Norfolk_terrier/n02094114_1847.jpg,18,Norfolk Terrier,official_train
n02094114-Norfolk_terrier/n02094114_1852.jpg,18,Norfolk Terrier,official_train
n02094114-Norfolk_terrier/n02094114_1860.jpg,18,Norfolk Terrier,official_train
n02094114-Norfolk_terrier/n02094114_1913.jpg,18,Norfolk Terrier,official_train
n02094114-Norfolk_terrier/n02094114_192.jpg,18,Norfolk Terrier,official_train
n02094114-Norfolk_terrier/n02094114_1944.jpg,18,Norfolk Terrier,official_train
n02094114-Norfolk_terrier/n02094114_1972.jpg,18,Norfolk Terrier,official_train
n02094114-Norfolk_terrier/n02094114_1984.jpg,18,Norfolk Terrier,official_train
n02094114-Norfolk_terrier/n02094114_2129.jpg,18,Norfolk Terrier,official_train
n02094114-Norfolk_terrier/n02094114_2158.jpg,18,Norfolk Terrier,official_train
n02094114-Norfolk_terrier/n02094114_2169.jpg,18,Norfolk Terrier,official_train
n02094114-Norfolk_terrier/n02094114_2211.jpg,18,Norfolk Terrier,official_train
n02094114-Norfolk_terrier/n02094114_2245.jpg,18,Norfolk Terrier,official_train
n02094114-Norfolk_terrier/n02094114_2394.jpg,18,Norfolk Terrier,official_train
n02094114-Norfolk_terrier/n02094114_2414.jpg,18,Norfolk Terrier,official_train
n02094114-Norfolk_terrier/n02094114_2440.jpg,18,Norfolk Terrier,official_train
n02094114-Norfolk_terrier/n02094114_2526.jpg,18,Norfolk Terrier,official_train
n02094114-Norfolk_terrier/n02094114_2537.jpg,18,Norfolk Terrier,official_train
n02094114-Norfolk_terrier/n02094114_2573.jpg,18,Norfolk Terrier,official_train
n02094114-Norfolk_terrier/n02094114_2706.jpg,18,Norfolk Terrier,official_train
n02094114-Norfolk_terrier/n02094114_2739.jpg,18,Norfolk Terrier,official_train
n02094114-Norfolk_terrier/n02094114_2785.jpg,18,Norfolk Terrier,official_train
n02094114-Norfolk_terrier/n02094114_2819.jpg,18,Norfolk Terrier,official_train
n02094114-Norfolk_terrier/n02094114_2923.jpg,18,Norfolk Terrier,official_train
n02094114-Norfolk_terrier/n02094114_2990.jpg,18,Norfolk Terrier,official_train
n02094114-Norfolk_terrier/n02094114_3036.jpg,18,Norfolk Terrier,official_train
n02094114-Norfolk_terrier/n02094114_315.jpg,18,Norfolk Terrier,official_train
n02094114-Norfolk_terrier/n02094114_3177.jpg,18,Norfolk Terrier,official_train
n02094114-Norfolk_terrier/n02094114_3187.jpg,18,Norfolk Terrier,official_train
n02094114-Norfolk_terrier/n02094114_3248.jpg,18,Norfolk Terrier,official_train
n02094114-Norfolk_terrier/n02094114_3288.jpg,18,Norfolk Terrier,official_train
n02094114-Norfolk_terrier/n02094114_3378.jpg,18,Norfolk Terrier,official_train
n02094114-Norfolk_terrier/n02094114_3404.jpg,18,Norfolk Terrier,official_train
n02094114-Norfolk_terrier/n02094114_3425.jpg,18,Norfolk Terrier,official_train
n02094114-Norfolk_terrier/n02094114_3458.jpg,18,Norfolk Terrier,official_train
n02094114-Norfolk_terrier/n02094114_3686.jpg,18,Norfolk Terrier,official_train
n02094114-Norfolk_terrier/n02094114_3733.jpg,18,Norfolk Terrier,official_train
n02094114-Norfolk_terrier/n02094114_382.jpg,18,Norfolk Terrier,official_train
n02094114-Norfolk_terrier/n02094114_3826.jpg,18,Norfolk Terrier,official_train
n02094114-Norfolk_terrier/n02094114_3890.jpg,18,Norfolk Terrier,official_train
n02094114-Norfolk_terrier/n02094114_3935.jpg,18,Norfolk Terrier,official_train
n02094114-Norfolk_terrier/n02094114_4127.jpg,18,Norfolk Terrier,official_train
n02094114-Norfolk_terrier/n02094114_4142.jpg,18,Norfolk Terrier,official_train
n02094114-Norfolk_terrier/n02094114_4158.jpg,18,Norfolk Terrier,official_train
n02094114-Norfolk_terrier/n02094114_4165.jpg,18,Norfolk Terrier,official_train
n02094114-Norfolk_terrier/n02094114_4266.jpg,18,Norfolk Terrier,official_train
n02094114-Norfolk_terrier/n02094114_4294.jpg,18,Norfolk Terrier,official_train
n02094114-Norfolk_terrier/n02094114_4518.jpg,18,Norfolk Terrier,official_train
n02094114-Norfolk_terrier/n02094114_4519.jpg,18,Norfolk Terrier,official_train
n02094114-Norfolk_terrier/n02094114_4537.jpg,18,Norfolk Terrier,official_train
n02094114-Norfolk_terrier/n02094114_487.jpg,18,Norfolk Terrier,official_train
n02094114-Norfolk_terrier/n02094114_496.jpg,18,Norfolk Terrier,official_train
n02094114-Norfolk_terrier/n02094114_513.jpg,18,Norfolk Terrier,official_train
n02094114-Norfolk_terrier/n02094114_61.jpg,18,Norfolk Terrier,official_train
n02094114-Norfolk_terrier/n02094114_694.jpg,18,Norfolk Terrier,official_train
n02094114-Norfolk_terrier/n02094114_699.jpg,18,Norfolk Terrier,official_train
n02094114-Norfolk_terrier/n02094114_745.jpg,18,Norfolk Terrier,official_train
n02094114-Norfolk_terrier/n02094114_787.jpg,18,Norfolk Terrier,official_train
n02094114-Norfolk_terrier/n02094114_838.jpg,18,Norfolk Terrier,official_train
n02094114-Norfolk_terrier/n02094114_876.jpg,18,Norfolk Terrier,official_train
n02094114-Norfolk_terrier/n02094114_895.jpg,18,Norfolk Terrier,official_train
n02094114-Norfolk_terrier/n02094114_986.jpg,18,Norfolk Terrier,official_train
n02094114-Norfolk_terrier/n02094114_99.jpg,18,Norfolk Terrier,official_train
n02094258-Norwich_terrier/n02094258_1091.jpg,19,Norwich Terrier,official_train
n02094258-Norwich_terrier/n02094258_1106.jpg,19,Norwich Terrier,official_train
n02094258-Norwich_terrier/n02094258_1187.jpg,19,Norwich Terrier,official_train
n02094258-Norwich_terrier/n02094258_1219.jpg,19,Norwich Terrier,official_train
n02094258-Norwich_terrier/n02094258_1220.jpg,19,Norwich Terrier,official_train
n02094258-Norwich_terrier/n02094258_1291.jpg,19,Norwich Terrier,official_train
n02094258-Norwich_terrier/n02094258_130.jpg,19,Norwich Terrier,official_train
n02094258-Norwich_terrier/n02094258_1345.jpg,19,Norwich Terrier,official_train
n02094258-Norwich_terrier/n02094258_1408.jpg,19,Norwich Terrier,official_train
n02094258-Norwich_terrier/n02094258_146.jpg,19,Norwich Terrier,official_train
n02094258-Norwich_terrier/n02094258_1460.jpg,19,Norwich Terrier,official_train
n02094258-Norwich_terrier/n02094258_1469.jpg,19,Norwich Terrier,official_train
n02094258-Norwich_terrier/n02094258_1510.jpg,19,Norwich Terrier,official_train
n02094258-Norwich_terrier/n02094258_1579.jpg,19,Norwich Terrier,official_train
n02094258-Norwich_terrier/n02094258_1704.jpg,19,Norwich Terrier,official_train
n02094258-Norwich_terrier/n02094258_1778.jpg,19,Norwich Terrier,official_train
n02094258-Norwich_terrier/n02094258_1783.jpg,19,Norwich Terrier,official_train
n02094258-Norwich_terrier/n02094258_188.jpg,19,Norwich Terrier,official_train
n02094258-Norwich_terrier/n02094258_1918.jpg,19,Norwich Terrier,official_train
n02094258-Norwich_terrier/n02094258_201.jpg,19,Norwich Terrier,official_train
n02094258-Norwich_terrier/n02094258_2047.jpg,19,Norwich Terrier,official_train
n02094258-Norwich_terrier/n02094258_2070.jpg,19,Norwich Terrier,official_train
n02094258-Norwich_terrier/n02094258_2107.jpg,19,Norwich Terrier,official_train
n02094258-Norwich_terrier/n02094258_2116.jpg,19,Norwich Terrier,official_train
n02094258-Norwich_terrier/n02094258_2159.jpg,19,Norwich Terrier,official_train
n02094258-Norwich_terrier/n02094258_219.jpg,19,Norwich Terrier,official_train
n02094258-Norwich_terrier/n02094258_2191.jpg,19,Norwich Terrier,official_train
n02094258-Norwich_terrier/n02094258_230.jpg,19,Norwich Terrier,official_train
n02094258-Norwich_terrier/n02094258_2312.jpg,19,Norwich Terrier,official_train
n02094258-Norwich_terrier/n02094258_2359.jpg,19,Norwich Terrier,official_train
n02094258-Norwich_terrier/n02094258_237.jpg,19,Norwich Terrier,official_train
n02094258-Norwich_terrier/n02094258_2409.jpg,19,Norwich Terrier,official_train
n02094258-Norwich_terrier/n02094258_247.jpg,19,Norwich Terrier,official_train
n02094258-Norwich_terrier/n02094258_2559.jpg,19,Norwich Terrier,official_train
n02094258-Norwich_terrier/n02094258_2583.jpg,19,Norwich Terrier,official_train
n02094258-Norwich_terrier/n02094258_2617.jpg,19,Norwich Terrier,official_train
n02094258-Norwich_terrier/n02094258_262.jpg,19,Norwich Terrier,official_train
n02094258-Norwich_terrier/n02094258_2633.jpg,19,Norwich Terrier,official_train
n02094258-Norwich_terrier/n02094258_2667.jpg,19,Norwich Terrier,official_train
n02094258-Norwich_terrier/n02094258_2668.jpg,19,Norwich Terrier,official_train
n02094258-Norwich_terrier/n02094258_2672.jpg,19,Norwich Terrier,official_train
n02094258-Norwich_terrier/n02094258_2732.jpg,19,Norwich Terrier,official_train
n02094258-Norwich_terrier/n02094258_2801.jpg,19,Norwich Terrier,official_train
n02094258-Norwich_terrier/n02094258_2841.jpg,19,Norwich Terrier,official_train
n02094258-Norwich_terrier/n02094258_2911.jpg,19,Norwich Terrier,official_train
n02094258-Norwich_terrier/n02094258_3036.jpg,19,Norwich Terrier,official_train
n02094258-Norwich_terrier/n02094258_312.jpg,19,Norwich Terrier,official_train
n02094258-Norwich_terrier/n02094258_3138.jpg,19,Norwich Terrier,official_train
n02094258-Norwich_terrier/n02094258_3287.jpg,19,Norwich Terrier,official_train
n02094258-Norwich_terrier/n02094258_3315.jpg,19,Norwich Terrier,official_train
n02094258-Norwich_terrier/n02094258_3376.jpg,19,Norwich Terrier,official_train
n02094258-Norwich_terrier/n02094258_3435.jpg,19,Norwich Terrier,official_train
n02094258-Norwich_terrier/n02094258_3438.jpg,19,Norwich Terrier,official_train
n02094258-Norwich_terrier/n02094258_3464.jpg,19,Norwich Terrier,official_train
n02094258-Norwich_terrier/n02094258_3467.jpg,19,Norwich Terrier,official_train
n02094258-Norwich_terrier/n02094258_3488.jpg,19,Norwich Terrier,official_train
n02094258-Norwich_terrier/n02094258_355.jpg,19,Norwich Terrier,official_train
n02094258-Norwich_terrier/n02094258_3685.jpg,19,Norwich Terrier,official_train
n02094258-Norwich_terrier/n02094258_3758.jpg,19,Norwich Terrier,official_train
n02094258-Norwich_terrier/n02094258_404.jpg,19,Norwich Terrier,official_train
n02094258-Norwich_terrier/n02094258_439.jpg,19,Norwich Terrier,official_train
n02094258-Norwich_terrier/n02094258_530.jpg,19,Norwich Terrier,official_train
n02094258-Norwich_terrier/n02094258_554.jpg,19,Norwich Terrier,official_train
n02094258-Norwich_terrier/n02094258_61.jpg,19,Norwich Terrier,official_train
n02094258-Norwich_terrier/n02094258_645.jpg,19,Norwich Terrier,official_train
n02094258-Norwich_terrier/n02094258_648.jpg,19,Norwich Terrier,official_train
n02094258-Norwich_terrier/n02094258_726.jpg,19,Norwich Terrier,official_train
n02094258-Norwich_terrier/n02094258_73.jpg,19,Norwich Terrier,official_train
n02094258-Norwich_terrier/n02094258_739.jpg,19,Norwich Terrier,official_train
n02094258-Norwich_terrier/n02094258_752.jpg,19,Norwich Terrier,official_train
n02094258-Norwich_terrier/n02094258_778.jpg,19,Norwich Terrier,official_train
n02094258-Norwich_terrier/n02094258_792.jpg,19,Norwich Terrier,official_train
n02094258-Norwich_terrier/n02094258_860.jpg,19,Norwich Terrier,official_train
n02094258-Norwich_terrier/n02094258_880.jpg,19,Norwich Terrier,official_train
n02094258-Norwich_terrier/n02094258_90.jpg,19,Norwich Terrier,official_train
n02094258-Norwich_terrier/n02094258_905.jpg,19,Norwich Terrier,official_train
n02094258-Norwich_terrier/n02094258_936.jpg,19,Norwich Terrier,official_train
n02094258-Norwich_terrier/n02094258_95.jpg,19,Norwich Terrier,official_train
n02094258-Norwich_terrier/n02094258_969.jpg,19,Norwich Terrier,official_train
n02094258-Norwich_terrier/n02094258_977.jpg,19,Norwich Terrier,official_train
n02093754-Border_terrier/n02093754_1111.jpg,20,Border Terrier,official_train
n02093754-Border_terrier/n02093754_1148.jpg,20,Border Terrier,official_train
n02093754-Border_terrier/n02093754_115.jpg,20,Border Terrier,official_train
n02093754-Border_terrier/n02093754_123.jpg,20,Border Terrier,official_train
n02093754-Border_terrier/n02093754_1247.jpg,20,Border Terrier,official_train
n02093754-Border_terrier/n02093754_1310.jpg,20,Border Terrier,official_train
n02093754-Border_terrier/n02093754_1422.jpg,20,Border Terrier,official_train
n02093754-Border_terrier/n02093754_1464.jpg,20,Border Terrier,official_train
n02093754-Border_terrier/n02093754_1536.jpg,20,Border Terrier,official_train
n02093754-Border_terrier/n02093754_1722.jpg,20,Border Terrier,official_train
n02093754-Border_terrier/n02093754_175.jpg,20,Border Terrier,official_train
n02093754-Border_terrier/n02093754_180.jpg,20,Border Terrier,official_train
n02093754-Border_terrier/n02093754_1833.jpg,20,Border Terrier,official_train
n02093754-Border_terrier/n02093754_1845.jpg,20,Border Terrier,official_train
n02093754-Border_terrier/n02093754_186.jpg,20,Border Terrier,official_train
n02093754-Border_terrier/n02093754_1861.jpg,20,Border Terrier,official_train
n02093754-Border_terrier/n02093754_2123.jpg,20,Border Terrier,official_train
n02093754-Border_terrier/n02093754_2281.jpg,20,Border Terrier,official_train
n02093754-Border_terrier/n02093754_234.jpg,20,Border Terrier,official_train
n02093754-Border_terrier/n02093754_2425.jpg,20,Border Terrier,official_train
n02093754-Border_terrier/n02093754_2457.jpg,20,Border Terrier,official_train
n02093754-Border_terrier/n02093754_2687.jpg,20,Border Terrier,official_train
n02093754-Border_terrier/n02093754_2742.jpg,20,Border Terrier,official_train
n02093754-Border_terrier/n02093754_2801.jpg,20,Border Terrier,official_train
n02093754-Border_terrier/n02093754_2847.jpg,20,Border Terrier,official_train
n02093754-Border_terrier/n02093754_2887.jpg,20,Border Terrier,official_train
n02093754-Border_terrier/n02093754_3113.jpg,20,Border Terrier,official_train
n02093754-Border_terrier/n02093754_3152.jpg,20,Border Terrier,official_train
n02093754-Border_terrier/n02093754_3339.jpg,20,Border Terrier,official_train
n02093754-Border_terrier/n02093754_3442.jpg,20,Border Terrier,official_train
n02093754-Border_terrier/n02093754_3634.jpg,20,Border Terrier,official_train
n02093754-Border_terrier/n02093754_3749.jpg,20,Border Terrier,official_train
n02093754-Border_terrier/n02093754_3888.jpg,20,Border Terrier,official_train
n02093754-Border_terrier/n02093754_4110.jpg,20,Border Terrier,official_train
n02093754-Border_terrier/n02093754_4271.jpg,20,Border Terrier,official_train
n02093754-Border_terrier/n02093754_4285.jpg,20,Border Terrier,official_train
n02093754-Border_terrier/n02093754_4354.jpg,20,Border Terrier,official_train
n02093754-Border_terrier/n02093754_4452.jpg,20,Border Terrier,official_train
n02093754-Border_terrier/n02093754_4564.jpg,20,Border Terrier,official_train
n02093754-Border_terrier/n02093754_4697.jpg,20,Border Terrier,official_train
n02093754-Border_terrier/n02093754_4859.jpg,20,Border Terrier,official_train
n02093754-Border_terrier/n02093754_4868.jpg,20,Border Terrier,official_train
n02093754-Border_terrier/n02093754_4879.jpg,20,Border Terrier,official_train
n02093754-Border_terrier/n02093754_5037.jpg,20,Border Terrier,official_train
n02093754-Border_terrier/n02093754_51.jpg,20,Border Terrier,official_train
n02093754-Border_terrier/n02093754_5190.jpg,20,Border Terrier,official_train
n02093754-Border_terrier/n02093754_5195.jpg,20,Border Terrier,official_train
n02093754-Border_terrier/n02093754_521.jpg,20,Border Terrier,official_train
n02093754-Border_terrier/n02093754_5261.jpg,20,Border Terrier,official_train
n02093754-Border_terrier/n02093754_5297.jpg,20,Border Terrier,official_train
n02093754-Border_terrier/n02093754_5315.jpg,20,Border Terrier,official_train
n02093754-Border_terrier/n02093754_5342.jpg,20,Border Terrier,official_train
n02093754-Border_terrier/n02093754_5522.jpg,20,Border Terrier,official_train
n02093754-Border_terrier/n02093754_5660.jpg,20,Border Terrier,official_train
n02093754-Border_terrier/n02093754_5891.jpg,20,Border Terrier,official_train
n02093754-Border_terrier/n02093754_5975.jpg,20,Border Terrier,official_train
n02093754-Border_terrier/n02093754_6089.jpg,20,Border Terrier,official_train
n02093754-Border_terrier/n02093754_6098.jpg,20,Border Terrier,official_train
n02093754-Border_terrier/n02093754_6248.jpg,20,Border Terrier,official_train
n02093754-Border_terrier/n02093754_6257.jpg,20,Border Terrier,official_train
n02093754-Border_terrier/n02093754_6548.jpg,20,Border Terrier,official_train
n02093754-Border_terrier/n02093754_656.jpg,20,Border Terrier,official_train
n02093754-Border_terrier/n02093754_6646.jpg,20,Border Terrier,official_train
n02093754-Border_terrier/n02093754_6767.jpg,20,Border Terrier,official_train
n02093754-Border_terrier/n02093754_6817.jpg,20,Border Terrier,official_train
n02093754-Border_terrier/n02093754_6992.jpg,20,Border Terrier,official_train
n02093754-Border_terrier/n02093754_7109.jpg,20,Border Terrier,official_train
n02093754-Border_terrier/n02093754_7198.jpg,20,Border Terrier,official_train
n02093754-Border_terrier/n02093754_7390.jpg,20,Border Terrier,official_train
n02093754-Border_terrier/n02093754_7403.jpg,20,Border Terrier,official_train
n02093754-Border_terrier/n02093754_7532.jpg,20,Border Terrier,official_train
n02093754-Border_terrier/n02093754_7707.jpg,20,Border Terrier,official_train
n02093754-Border_terrier/n02093754_773.jpg,20,Border Terrier,official_train
n02093754-Border_terrier/n02093754_7788.jpg,20,Border Terrier,official_train
n02093754-Border_terrier/n02093754_7820.jpg,20,Border Terrier,official_train
n02093754-Border_terrier/n02093754_785.jpg,20,Border Terrier,official_train
n02093754-Border_terrier/n02093754_7902.jpg,20,Border Terrier,official_train
n02093754-Border_terrier/n02093754_8047.jpg,20,Border Terrier,official_train
n02093754-Border_terrier/n02093754_8106.jpg,20,Border Terrier,official_train
n02093754-Border_terrier/n02093754_874.jpg,20,Border Terrier,official_train
n02106030-collie/n02106030_10057.jpg,21,Collie,official_train
n02106030-collie/n02106030_10170.jpg,21,Collie,official_train
n02106030-collie/n02106030_10246.jpg,21,Collie,official_train
n02106030-collie/n02106030_10377.jpg,21,Collie,official_train
n02106030-collie/n02106030_10459.jpg,21,Collie,official_train
n02106030-collie/n02106030_10883.jpg,21,Collie,official_train
n02106030-collie/n02106030_10965.jpg,21,Collie,official_train
n02106030-collie/n02106030_11024.jpg,21,Collie,official_train
n02106030-collie/n02106030_1152.jpg,21,Collie,official_train
n02106030-collie/n02106030_1199.jpg,21,Collie,official_train
n02106030-collie/n02106030_124.jpg,21,Collie,official_train
n02106030-collie/n02106030_12670.jpg,21,Collie,official_train
n02106030-collie/n02106030_12714.jpg,21,Collie,official_train
n02106030-collie/n02106030_14143.jpg,21,Collie,official_train
n02106030-collie/n02106030_14653.jpg,21,Collie,official_train
n02106030-collie/n02106030_14677.jpg,21,Collie,official_train
n02106030-collie/n02106030_14738.jpg,21,Collie,official_train
n02106030-collie/n02106030_15008.jpg,21,Collie,official_train
n02106030-collie/n02106030_15054.jpg,21,Collie,official_train
n02106030-collie/n02106030_15172.jpg,21,Collie,official_train
n02106030-collie/n02106030_15284.jpg,21,Collie,official_train
n02106030-collie/n02106030_15388.jpg,21,Collie,official_train
n02106030-collie/n02106030_15577.jpg,21,Collie,official_train
n02106030-collie/n02106030_15619.jpg,21,Collie,official_train
n02106030-collie/n02106030_15622.jpg,21,Collie,official_train
n02106030-collie/n02106030_15631.jpg,21,Collie,official_train
n02106030-collie/n02106030_15728.jpg,21,Collie,official_train
n02106030-collie/n02106030_15735.jpg,21,Collie,official_train
n02106030-collie/n02106030_15771.jpg,21,Collie,official_train
n02106030-collie/n02106030_15836.jpg,21,Collie,official_train
n02106030-collie/n02106030_15840.jpg,21,Collie,official_train
n02106030-collie/n02106030_15923.jpg,21,Collie,official_train
n02106030-collie/n02106030_16029.jpg,21,Collie,official_train
n02106030-collie/n02106030_16046.jpg,21,Collie,official_train
n02106030-collie/n02106030_16080.jpg,21,Collie,official_train
n02106030-collie/n02106030_16095.jpg,21,Collie,official_train
n02106030-collie/n02106030_16173.jpg,21,Collie,official_train
n02106030-collie/n02106030_16184.jpg,21,Collie,official_train
n02106030-collie/n02106030_16186.jpg,21,Collie,official_train
n02106030-collie/n02106030_16212.jpg,21,Collie,official_train
n02106030-collie/n02106030_16215.jpg,21,Collie,official_train
n02106030-collie/n02106030_16268.jpg,21,Collie,official_train
n02106030-collie/n02106030_16290.jpg,21,Collie,official_train
n02106030-collie/n02106030_16356.jpg,21,Collie,official_train
n02106030-collie/n02106030_16509.jpg,21,Collie,official_train
n02106030-collie/n02106030_16546.jpg,21,Collie,official_train
n02106030-collie/n02106030_16671.jpg,21,Collie,official_train
n02106030-collie/n02106030_17179.jpg,21,Collie,official_train
n02106030-collie/n02106030_17418.jpg,21,Collie,official_train
n02106030-collie/n02106030_17669.jpg,21,Collie,official_train
n02106030-collie/n02106030_17679.jpg,21,Collie,official_train
n02106030-collie/n02106030_17732.jpg,21,Collie,official_train
n02106030-collie/n02106030_17733.jpg,21,Collie,official_train
n02106030-collie/n02106030_17906.jpg,21,Collie,official_train
n02106030-collie/n02106030_1821.jpg,21,Collie,official_train
n02106030-collie/n02106030_18345.jpg,21,Collie,official_train
n02106030-collie/n02106030_18516.jpg,21,Collie,official_train
n02106030-collie/n02106030_18685.jpg,21,Collie,official_train
n02106030-collie/n02106030_18950.jpg,21,Collie,official_train
n02106030-collie/n02106030_19103.jpg,21,Collie,official_train
n02106030-collie/n02106030_2471.jpg,21,Collie,official_train
n02106030-collie/n02106030_2522.jpg,21,Collie,official_train
n02106030-collie/n02106030_2548.jpg,21,Collie,official_train
n02106030-collie/n02106030_2844.jpg,21,Collie,official_train
n02106030-collie/n02106030_356.jpg,21,Collie,official_train
n02106030-collie/n02106030_3948.jpg,21,Collie,official_train
n02106030-collie/n02106030_4592.jpg,21,Collie,official_train
n02106030-collie/n02106030_5021.jpg,21,Collie,official_train
n02106030-collie/n02106030_5085.jpg,21,Collie,official_train
n02106030-collie/n02106030_5310.jpg,21,Collie,official_train
n02106030-collie/n02106030_7453.jpg,21,Collie,official_train
n02106030-collie/n02106030_7572.jpg,21,Collie,official_train
n02106030-collie/n02106030_7689.jpg,21,Collie,official_train
n02106030-collie/n02106030_7863.jpg,21,Collie,official_train
n02106030-collie/n02106030_7977.jpg,21,Collie,official_train
n02106030-collie/n02106030_8280.jpg,21,Collie,official_train
n02106030-collie/n02106030_873.jpg,21,Collie,official_train
n02106030-collie/n02106030_9078.jpg,21,Collie,official_train
n02106030-collie/n02106030_9153.jpg,21,Collie,official_train
n02106030-collie/n02106030_9815.jpg,21,Collie,official_train
n02105855-Shetland_sheepdog/n02105855_1013.jpg,22,Shetland Sheepdog,official_train
n02105855-Shetland_sheepdog/n02105855_10608.jpg,22,Shetland Sheepdog,official_train
n02105855-Shetland_sheepdog/n02105855_10619.jpg,22,Shetland Sheepdog,official_train
n02105855-Shetland_sheepdog/n02105855_10636.jpg,22,Shetland Sheepdog,official_train
n02105855-Shetland_sheepdog/n02105855_10729.jpg,22,Shetland Sheepdog,official_train
n02105855-Shetland_sheepdog/n02105855_10995.jpg,22,Shetland Sheepdog,official_train
n02105855-Shetland_sheepdog/n02105855_11061.jpg,22,Shetland Sheepdog,official_train
n02105855-Shetland_sheepdog/n02105855_11668.jpg,22,Shetland Sheepdog,official_train
n02105855-Shetland_sheepdog/n02105855_11955.jpg,22,Shetland Sheepdog,official_train
n02105855-Shetland_sheepdog/n02105855_12412.jpg,22,Shetland Sheepdog,official_train
n02105855-Shetland_sheepdog/n02105855_12455.jpg,22,Shetland Sheepdog,official_train
n02105855-Shetland_sheepdog/n02105855_12556.jpg,22,Shetland Sheepdog,official_train
n02105855-Shetland_sheepdog/n02105855_12801.jpg,22,Shetland Sheepdog,official_train
n02105855-Shetland_sheepdog/n02105855_13071.jpg,22,Shetland Sheepdog,official_train
n02105855-Shetland_sheepdog/n02105855_13090.jpg,22,Shetland Sheepdog,official_train
n02105855-Shetland_sheepdog/n02105855_13348.jpg,22,Shetland Sheepdog,official_train
n02105855-Shetland_sheepdog/n02105855_13382.jpg,22,Shetland Sheepdog,official_train
n02105855-Shetland_sheepdog/n02105855_13407.jpg,22,Shetland Sheepdog,official_train
n02105855-Shetland_sheepdog/n02105855_14052.jpg,22,Shetland Sheepdog,official_train
n02105855-Shetland_sheepdog/n02105855_14297.jpg,22,Shetland Sheepdog,official_train
n02105855-Shetland_sheepdog/n02105855_14653.jpg,22,Shetland Sheepdog,official_train
n02105855-Shetland_sheepdog/n02105855_14868.jpg,22,Shetland Sheepdog,official_train
n02105855-Shetland_sheepdog/n02105855_15263.jpg,22,Shetland Sheepdog,official_train
n02105855-Shetland_sheepdog/n02105855_154.jpg,22,Shetland Sheepdog,official_train
n02105855-Shetland_sheepdog/n02105855_15506.jpg,22,Shetland Sheepdog,official_train
n02105855-Shetland_sheepdog/n02105855_15724.jpg,22,Shetland Sheepdog,official_train
n02105855-Shetland_sheepdog/n02105855_15776.jpg,22,Shetland Sheepdog,official_train
n02105855-Shetland_sheepdog/n02105855_15820.jpg,22,Shetland Sheepdog,official_train
n02105855-Shetland_sheepdog/n02105855_15856.jpg,22,Shetland Sheepdog,official_train
n02105855-Shetland_sheepdog/n02105855_15882.jpg,22,Shetland Sheepdog,official_train
n02105855-Shetland_sheepdog/n02105855_15961.jpg,22,Shetland Sheepdog,official_train
n02105855-Shetland_sheepdog/n02105855_16072.jpg,22,Shetland Sheepdog,official_train
n02105855-Shetland_sheepdog/n02105855_16145.jpg,22,Shetland Sheepdog,official_train
n02105855-Shetland_sheepdog/n02105855_16556.jpg,22,Shetland Sheepdog,official_train
n02105855-Shetland_sheepdog/n02105855_17107.jpg,22,Shetland Sheepdog,official_train
n02105855-Shetland_sheepdog/n02105855_17258.jpg,22,Shetland Sheepdog,official_train
n02105855-Shetland_sheepdog/n02105855_17300.jpg,22,Shetland Sheepdog,official_train
n02105855-Shetland_sheepdog/n02105855_17401.jpg,22,Shetland Sheepdog,official_train
n02105855-Shetland_sheepdog/n02105855_17706.jpg,22,Shetland Sheepdog,official_train
n02105855-Shetland_sheepdog/n02105855_1791.jpg,22,Shetland Sheepdog,official_train
n02105855-Shetland_sheepdog/n02105855_18293.jpg,22,Shetland Sheepdog,official_train
n02105855-Shetland_sheepdog/n02105855_18443.jpg,22,Shetland Sheepdog,official_train
n02105855-Shetland_sheepdog/n02105855_18564.jpg,22,Shetland Sheepdog,official_train
n02105855-Shetland_sheepdog/n02105855_18782.jpg,22,Shetland Sheepdog,official_train
n02105855-Shetland_sheepdog/n02105855_19486.jpg,22,Shetland Sheepdog,official_train
n02105855-Shetland_sheepdog/n02105855_1963.jpg,22,Shetland Sheepdog,official_train
n02105855-Shetland_sheepdog/n02105855_19944.jpg,22,Shetland Sheepdog,official_train
n02105855-Shetland_sheepdog/n02105855_2039.jpg,22,Shetland Sheepdog,official_train
n02105855-Shetland_sheepdog/n02105855_2172.jpg,22,Shetland Sheepdog,official_train
n02105855-Shetland_sheepdog/n02105855_2853.jpg,22,Shetland Sheepdog,official_train
n02105855-Shetland_sheepdog/n02105855_2933.jpg,22,Shetland Sheepdog,official_train
n02105855-Shetland_sheepdog/n02105855_3150.jpg,22,Shetland Sheepdog,official_train
n02105855-Shetland_sheepdog/n02105855_3255.jpg,22,Shetland Sheepdog,official_train
n02105855-Shetland_sheepdog/n02105855_3292.jpg,22,Shetland Sheepdog,official_train
n02105855-Shetland_sheepdog/n02105855_4281.jpg,22,Shetland Sheepdog,official_train
n02105855-Shetland_sheepdog/n02105855_4897.jpg,22,Shetland Sheepdog,official_train
n02105855-Shetland_sheepdog/n02105855_5165.jpg,22,Shetland Sheepdog,official_train
n02105855-Shetland_sheepdog/n02105855_5949.jpg,22,Shetland Sheepdog,official_train
n02105855-Shetland_sheepdog/n02105855_6234.jpg,22,Shetland Sheepdog,official_train
n02105855-Shetland_sheepdog/n02105855_6281.jpg,22,Shetland Sheepdog,official_train
n02105855-Shetland_sheepdog/n02105855_6417.jpg,22,Shetland Sheepdog,official_train
n02105855-Shetland_sheepdog/n02105855_6802.jpg,22,Shetland Sheepdog,official_train
n02105855-Shetland_sheepdog/n02105855_6980.jpg,22,Shetland Sheepdog,official_train
n02105855-Shetland_sheepdog/n02105855_7161.jpg,22,Shetland Sheepdog,official_train
n02105855-Shetland_sheepdog/n02105855_7224.jpg,22,Shetland Sheepdog,official_train
n02105855-Shetland_sheepdog/n02105855_7410.jpg,22,Shetland Sheepdog,official_train
n02105855-Shetland_sheepdog/n02105855_742.jpg,22,Shetland Sheepdog,official_train
n02105855-Shetland_sheepdog/n02105855_7527.jpg,22,Shetland Sheepdog,official_train
n02105855-Shetland_sheepdog/n02105855_7560.jpg,22,Shetland Sheepdog,official_train
n02105855-Shetland_sheepdog/n02105855_7607.jpg,22,Shetland Sheepdog,official_train
n02105855-Shetland_sheepdog/n02105855_7612.jpg,22,Shetland Sheepdog,official_train
n02105855-Shetland_sheepdog/n02105855_7708.jpg,22,Shetland Sheepdog,official_train
n02105855-Shetland_sheepdog/n02105855_7896.jpg,22,Shetland Sheepdog,official_train
n02105855-Shetland_sheepdog/n02105855_8378.jpg,22,Shetland Sheepdog,official_train
n02105855-Shetland_sheepdog/n02105855_9093.jpg,22,Shetland Sheepdog,official_train
n02105855-Shetland_sheepdog/n02105855_9277.jpg,22,Shetland Sheepdog,official_train
n02105855-Shetland_sheepdog/n02105855_9293.jpg,22,Shetland Sheepdog,official_train
n02105855-Shetland_sheepdog/n02105855_9689.jpg,22,Shetland Sheepdog,official_train
n02105855-Shetland_sheepdog/n02105855_982.jpg,22,Shetland Sheepdog,official_train
n02105855-Shetland_sheepdog/n02105855_9903.jpg,22,Shetland Sheepdog,official_train
n02106166-Border_collie/n02106166_1031.jpg,23,Border Collie,official_train
n02106166-Border_collie/n02106166_1032.jpg,23,Border Collie,official_train
n02106166-Border_collie/n02106166_1055.jpg,23,Border Collie,official_train
n02106166-Border_collie/n02106166_1056.jpg,23,Border Collie,official_train
n02106166-Border_collie/n02106166_1128.jpg,23,Border Collie,official_train
n02106166-Border_collie/n02106166_117.jpg,23,Border Collie,official_train
n02106166-Border_collie/n02106166_1244.jpg,23,Border Collie,official_train
n02106166-Border_collie/n02106166_1311.jpg,23,Border Collie,official_train
n02106166-Border_collie/n02106166_1426.jpg,23,Border Collie,official_train
n02106166-Border_collie/n02106166_1429.jpg,23,Border Collie,official_train
n02106166-Border_collie/n02106166_1452.jpg,23,Border Collie,official_train
n02106166-Border_collie/n02106166_1506.jpg,23,Border Collie,official_train
n02106166-Border_collie/n02106166_1539.jpg,23,Border Collie,official_train
n02106166-Border_collie/n02106166_1637.jpg,23,Border Collie,official_train
n02106166-Border_collie/n02106166_1674.jpg,23,Border Collie,official_train
n02106166-Border_collie/n02106166_1684.jpg,23,Border Collie,official_train
n02106166-Border_collie/n02106166_1729.jpg,23,Border Collie,official_train
n02106166-Border_collie/n02106166_1776.jpg,23,Border Collie,official_train
n02106166-Border_collie/n02106166_1796.jpg,23,Border Collie,official_train
n02106166-Border_collie/n02106166_18.jpg,23,Border Collie,official_train
n02106166-Border_collie/n02106166_180.jpg,23,Border Collie,official_train
n02106166-Border_collie/n02106166_1822.jpg,23,Border Collie,official_train
n02106166-Border_collie/n02106166_1842.jpg,23,Border Collie,official_train
n02106166-Border_collie/n02106166_1936.jpg,23,Border Collie,official_train
n02106166-Border_collie/n02106166_1983.jpg,23,Border Collie,official_train
n02106166-Border_collie/n02106166_243.jpg,23,Border Collie,official_train
n02106166-Border_collie/n02106166_2458.jpg,23,Border Collie,official_train
n02106166-Border_collie/n02106166_26.jpg,23,Border Collie,official_train
n02106166-Border_collie/n02106166_2660.jpg,23,Border Collie,official_train
n02106166-Border_collie/n02106166_2837.jpg,23,Border Collie,official_train
n02106166-Border_collie/n02106166_2961.jpg,23,Border Collie,official_train
n02106166-Border_collie/n02106166_3033.jpg,23,Border Collie,official_train
n02106166-Border_collie/n02106166_321.jpg,23,Border Collie,official_train
n02106166-Border_collie/n02106166_324.jpg,23,Border Collie,official_train
n02106166-Border_collie/n02106166_3253.jpg,23,Border Collie,official_train
n02106166-Border_collie/n02106166_3296.jpg,23,Border Collie,official_train
n02106166-Border_collie/n02106166_331.jpg,23,Border Collie,official_train
n02106166-Border_collie/n02106166_3416.jpg,23,Border Collie,official_train
n02106166-Border_collie/n02106166_3429.jpg,23,Border Collie,official_train
n02106166-Border_collie/n02106166_3447.jpg,23,Border Collie,official_train
n02106166-Border_collie/n02106166_3473.jpg,23,Border Collie,official_train
n02106166-Border_collie/n02106166_3850.jpg,23,Border Collie,official_train
n02106166-Border_collie/n02106166_3865.jpg,23,Border Collie,official_train
n02106166-Border_collie/n02106166_3882.jpg,23,Border Collie,official_train
n02106166-Border_collie/n02106166_4450.jpg,23,Border Collie,official_train
n02106166-Border_collie/n02106166_470.jpg,23,Border Collie,official_train
n02106166-Border_collie/n02106166_4733.jpg,23,Border Collie,official_train
n02106166-Border_collie/n02106166_476.jpg,23,Border Collie,official_train
n02106166-Border_collie/n02106166_4957.jpg,23,Border Collie,official_train
n02106166-Border_collie/n02106166_4966.jpg,23,Border Collie,official_train
n02106166-Border_collie/n02106166_5.jpg,23,Border Collie,official_train
n02106166-Border_collie/n02106166_5073.jpg,23,Border Collie,official_train
n02106166-Border_collie/n02106166_549.jpg,23,Border Collie,official_train
n02106166-Border_collie/n02106166_5607.jpg,23,Border Collie,official_train
n02106166-Border_collie/n02106166_5818.jpg,23,Border Collie,official_train
n02106166-Border_collie/n02106166_5869.jpg,23,Border Collie,official_train
n02106166-Border_collie/n02106166_6084.jpg,23,Border Collie,official_train
n02106166-Border_collie/n02106166_615.jpg,23,Border Collie,official_train
n02106166-Border_collie/n02106166_6415.jpg,23,Border Collie,official_train
n02106166-Border_collie/n02106166_6437.jpg,23,Border Collie,official_train
n02106166-Border_collie/n02106166_6659.jpg,23,Border Collie,official_train
n02106166-Border_collie/n02106166_6698.jpg,23,Border Collie,official_train
n02106166-Border_collie/n02106166_678.jpg,23,Border Collie,official_train
n02106166-Border_collie/n02106166_6833.jpg,23,Border Collie,official_train
n02106166-Border_collie/n02106166_6879.jpg,23,Border Collie,official_train
n02106166-Border_collie/n02106166_7.jpg,23,Border Collie,official_train
n02106166-Border_collie/n02106166_7074.jpg,23,Border Collie,official_train
n02106166-Border_collie/n02106166_7105.jpg,23,Border Collie,official_train
n02106166-Border_collie/n02106166_7282.jpg,23,Border Collie,official_train
n02106166-Border_collie/n02106166_7329.jpg,23,Border Collie,official_train
n02106166-Border_collie/n02106166_739.jpg,23,Border Collie,official_train
n02106166-Border_collie/n02106166_7454.jpg,23,Border Collie,official_train
n02106166-Border_collie/n02106166_75.jpg,23,Border Collie,official_train
n02106166-Border_collie/n02106166_7543.jpg,23,Border Collie,official_train
n02106166-Border_collie/n02106166_76.jpg,23,Border Collie,official_train
n02106166-Border_collie/n02106166_7803.jpg,23,Border Collie,official_train
n02106166-Border_collie/n02106166_7804.jpg,23,Border Collie,official_train
n02106166-Border_collie/n02106166_8037.jpg,23,Border Collie,official_train
n02106166-Border_collie/n02106166_90.jpg,23,Border Collie,official_train
n02106166-Border_collie/n02106166_943.jpg,23,Border Collie,official_train
n02099601-golden_retriever/n02099601_10.jpg,24,Golden Retriever,official_train
n02099601-golden_retriever/n02099601_1010.jpg,24,Golden Retriever,official_train
n02099601-golden_retriever/n02099601_109.jpg,24,Golden Retriever,official_train
n02099601-golden_retriever/n02099601_118.jpg,24,Golden Retriever,official_train
n02099601-golden_retriever/n02099601_124.jpg,24,Golden Retriever,official_train
n02099601-golden_retriever/n02099601_1249.jpg,24,Golden Retriever,official_train
n02099601-golden_retriever/n02099601_14.jpg,24,Golden Retriever,official_train
n02099601-golden_retriever/n02099601_142.jpg,24,Golden Retriever,official_train
n02099601-golden_retriever/n02099601_1442.jpg,24,Golden Retriever,official_train
n02099601-golden_retriever/n02099601_1454.jpg,24,Golden Retriever,official_train
n02099601-golden_retriever/n02099601_146.jpg,24,Golden Retriever,official_train
n02099601-golden_retriever/n02099601_176.jpg,24,Golden Retriever,official_train
n02099601-golden_retriever/n02099601_1768.jpg,24,Golden Retriever,official_train
n02099601-golden_retriever/n02099601_2029.jpg,24,Golden Retriever,official_train
n02099601-golden_retriever/n02099601_2076.jpg,24,Golden Retriever,official_train
n02099601-golden_retriever/n02099601_2359.jpg,24,Golden Retriever,official_train
n02099601-golden_retriever/n02099601_2422.jpg,24,Golden Retriever,official_train
n02099601-golden_retriever/n02099601_2495.jpg,24,Golden Retriever,official_train
n02099601-golden_retriever/n02099601_2536.jpg,24,Golden Retriever,official_train
n02099601-golden_retriever/n02099601_2663.jpg,24,Golden Retriever,official_train
n02099601-golden_retriever/n02099601_2688.jpg,24,Golden Retriever,official_train
n02099601-golden_retriever/n02099601_2691.jpg,24,Golden Retriever,official_train
n02099601-golden_retriever/n02099601_2796.jpg,24,Golden Retriever,official_train
n02099601-golden_retriever/n02099601_280.jpg,24,Golden Retriever,official_train
n02099601-golden_retriever/n02099601_286.jpg,24,Golden Retriever,official_train
n02099601-golden_retriever/n02099601_3004.jpg,24,Golden Retriever,official_train
n02099601-golden_retriever/n02099601_304.jpg,24,Golden Retriever,official_train
n02099601-golden_retriever/n02099601_3073.jpg,24,Golden Retriever,official_train
n02099601-golden_retriever/n02099601_308.jpg,24,Golden Retriever,official_train
n02099601-golden_retriever/n02099601_3202.jpg,24,Golden Retriever,official_train
n02099601-golden_retriever/n02099601_3262.jpg,24,Golden Retriever,official_train
n02099601-golden_retriever/n02099601_3327.jpg,24,Golden Retriever,official_train
n02099601-golden_retriever/n02099601_3360.jpg,24,Golden Retriever,official_train
n02099601-golden_retriever/n02099601_3388.jpg,24,Golden Retriever,official_train
n02099601-golden_retriever/n02099601_342.jpg,24,Golden Retriever,official_train
n02099601-golden_retriever/n02099601_3494.jpg,24,Golden Retriever,official_train
n02099601-golden_retriever/n02099601_3508.jpg,24,Golden Retriever,official_train
n02099601-golden_retriever/n02099601_3569.jpg,24,Golden Retriever,official_train
n02099601-golden_retriever/n02099601_3869.jpg,24,Golden Retriever,official_train
n02099601-golden_retriever/n02099601_4241.jpg,24,Golden Retriever,official_train
n02099601-golden_retriever/n02099601_447.jpg,24,Golden Retriever,official_train
n02099601-golden_retriever/n02099601_4678.jpg,24,Golden Retriever,official_train
n02099601-golden_retriever/n02099601_473.jpg,24,Golden Retriever,official_train
n02099601-golden_retriever/n02099601_4843.jpg,24,Golden Retriever,official_train
n02099601-golden_retriever/n02099601_5452.jpg,24,Golden Retriever,official_train
n02099601-golden_retriever/n02099601_5453.jpg,24,Golden Retriever,official_train
n02099601-golden_retriever/n02099601_5679.jpg,24,Golden Retriever,official_train
n02099601-golden_retriever/n02099601_5736.jpg,24,Golden Retriever,official_train
n02099601-golden_retriever/n02099601_5764.jpg,24,Golden Retriever,official_train
n02099601-golden_retriever/n02099601_5857.jpg,24,Golden Retriever,official_train
n02099601-golden_retriever/n02099601_6099.jpg,24,Golden Retriever,official_train
n02099601-golden_retriever/n02099601_6105.jpg,24,Golden Retriever,official_train
n02099601-golden_retriever/n02099601_6194.jpg,24,Golden Retriever,official_train
n02099601-golden_retriever/n02099601_6331.jpg,24,Golden Retriever,official_train
n02099601-golden_retriever/n02099601_6338.jpg,24,Golden Retriever,official_train
n02099601-golden_retriever/n02099601_6820.jpg,24,Golden Retriever,official_train
n02099601-golden_retriever/n02099601_6867.jpg,24,Golden Retriever,official_train
n02099601-golden_retriever/n02099601_70.jpg,24,Golden Retriever,official_train
n02099601-golden_retriever/n02099601_7019.jpg,24,Golden Retriever,official_train
n02099601-golden_retriever/n02099601_7037.jpg,24,Golden Retriever,official_train
n02099601-golden_retriever/n02099601_704.jpg,24,Golden Retriever,official_train
n02099601-golden_retriever/n02099601_7123.jpg,24,Golden Retriever,official_train
n02099601-golden_retriever/n02099601_7227.jpg,24,Golden Retriever,official_train
n02099601-golden_retriever/n02099601_7304.jpg,24,Golden Retriever,official_train
n02099601-golden_retriever/n02099601_7387.jpg,24,Golden Retriever,official_train
n02099601-golden_retriever/n02099601_7432.jpg,24,Golden Retriever,official_train
n02099601-golden_retriever/n02099601_7706.jpg,24,Golden Retriever,official_train
n02099601-golden_retriever/n02099601_7771.jpg,24,Golden Retriever,official_train
n02099601-golden_retriever/n02099601_7780.jpg,24,Golden Retriever,official_train
n02099601-golden_retriever/n02099601_7803.jpg,24,Golden Retriever,official_train
n02099601-golden_retriever/n02099601_7807.jpg,24,Golden Retriever,official_train
n02099601-golden_retriever/n02099601_7916.jpg,24,Golden Retriever,official_train
n02099601-golden_retriever/n02099601_7930.jpg,24,Golden Retriever,official_train
n02099601-golden_retriever/n02099601_816.jpg,24,Golden Retriever,official_train
n02099601-golden_retriever/n02099601_825.jpg,24,Golden Retriever,official_train
n02099601-golden_retriever/n02099601_831.jpg,24,Golden Retriever,official_train
n02099601-golden_retriever/n02099601_846.jpg,24,Golden Retriever,official_train
n02099601-golden_retriever/n02099601_864.jpg,24,Golden Retriever,official_train
n02099601-golden_retriever/n02099601_9504.jpg,24,Golden Retriever,official_train
n02099601-golden_retriever/n02099601_9518.jpg,24,Golden Retriever,official_train
n02099712-Labrador_retriever/n02099712_1200.jpg,25,Labrador Retriever,official_train
n02099712-Labrador_retriever/n02099712_1254.jpg,25,Labrador Retriever,official_train
n02099712-Labrador_retriever/n02099712_1383.jpg,25,Labrador Retriever,official_train
n02099712-Labrador_retriever/n02099712_1828.jpg,25,Labrador Retriever,official_train
n02099712-Labrador_retriever/n02099712_1987.jpg,25,Labrador Retriever,official_train
n02099712-Labrador_retriever/n02099712_209.jpg,25,Labrador Retriever,official_train
n02099712-Labrador_retriever/n02099712_2115.jpg,25,Labrador Retriever,official_train
n02099712-Labrador_retriever/n02099712_2118.jpg,25,Labrador Retriever,official_train
n02099712-Labrador_retriever/n02099712_2120.jpg,25,Labrador Retriever,official_train
n02099712-Labrador_retriever/n02099712_2223.jpg,25,Labrador Retriever,official_train
n02099712-Labrador_retriever/n02099712_2224.jpg,25,Labrador Retriever,official_train
n02099712-Labrador_retriever/n02099712_2226.jpg,25,Labrador Retriever,official_train
n02099712-Labrador_retriever/n02099712_2228.jpg,25,Labrador Retriever,official_train
n02099712-Labrador_retriever/n02099712_2332.jpg,25,Labrador Retriever,official_train
n02099712-Labrador_retriever/n02099712_2473.jpg,25,Labrador Retriever,official_train
n02099712-Labrador_retriever/n02099712_2501.jpg,25,Labrador Retriever,official_train
n02099712-Labrador_retriever/n02099712_3185.jpg,25,Labrador Retriever,official_train
n02099712-Labrador_retriever/n02099712_3273.jpg,25,Labrador Retriever,official_train
n02099712-Labrador_retriever/n02099712_3500.jpg,25,Labrador Retriever,official_train
n02099712-Labrador_retriever/n02099712_3503.jpg,25,Labrador Retriever,official_train
n02099712-Labrador_retriever/n02099712_357.jpg,25,Labrador Retriever,official_train
n02099712-Labrador_retriever/n02099712_3613.jpg,25,Labrador Retriever,official_train
n02099712-Labrador_retriever/n02099712_3698.jpg,25,Labrador Retriever,official_train
n02099712-Labrador_retriever/n02099712_3776.jpg,25,Labrador Retriever,official_train
n02099712-Labrador_retriever/n02099712_3868.jpg,25,Labrador Retriever,official_train
n02099712-Labrador_retriever/n02099712_3947.jpg,25,Labrador Retriever,official_train
n02099712-Labrador_retriever/n02099712_3963.jpg,25,Labrador Retriever,official_train
n02099712-Labrador_retriever/n02099712_3988.jpg,25,Labrador Retriever,official_train
n02099712-Labrador_retriever/n02099712_4037.jpg,25,Labrador Retriever,official_train
n02099712-Labrador_retriever/n02099712_4074.jpg,25,Labrador Retriever,official_train
n02099712-Labrador_retriever/n02099712_4354.jpg,25,Labrador Retriever,official_train
n02099712-Labrador_retriever/n02099712_4384.jpg,25,Labrador Retriever,official_train
n02099712-Labrador_retriever/n02099712_4428.jpg,25,Labrador Retriever,official_train
n02099712-Labrador_retriever/n02099712_4508.jpg,25,Labrador Retriever,official_train
n02099712-Labrador_retriever/n02099712_4653.jpg,25,Labrador Retriever,official_train
n02099712-Labrador_retriever/n02099712_475.jpg,25,Labrador Retriever,official_train
n02099712-Labrador_retriever/n02099712_4759.jpg,25,Labrador Retriever,official_train
n02099712-Labrador_retriever/n02099712_4913.jpg,25,Labrador Retriever,official_train
n02099712-Labrador_retriever/n02099712_4960.jpg,25,Labrador Retriever,official_train
n02099712-Labrador_retriever/n02099712_4965.jpg,25,Labrador Retriever,official_train
n02099712-Labrador_retriever/n02099712_5000.jpg,25,Labrador Retriever,official_train
n02099712-Labrador_retriever/n02099712_5008.jpg,25,Labrador Retriever,official_train
n02099712-Labrador_retriever/n02099712_5017.jpg,25,Labrador Retriever,official_train
n02099712-Labrador_retriever/n02099712_5021.jpg,25,Labrador Retriever,official_train
n02099712-Labrador_retriever/n02099712_511.jpg,25,Labrador Retriever,official_train
n02099712-Labrador_retriever/n02099712_5263.jpg,25,Labrador Retriever,official_train
n02099712-Labrador_retriever/n02099712_5343.jpg,25,Labrador Retriever,official_train
n02099712-Labrador_retriever/n02099712_5471.jpg,25,Labrador Retriever,official_train
n02099712-Labrador_retriever/n02099712_5679.jpg,25,Labrador Retriever,official_train
n02099712-Labrador_retriever/n02099712_57.jpg,25,Labrador Retriever,official_train
n02099712-Labrador_retriever/n02099712_5844.jpg,25,Labrador Retriever,official_train
n02099712-Labrador_retriever/n02099712_5853.jpg,25,Labrador Retriever,official_train
n02099712-Labrador_retriever/n02099712_5941.jpg,25,Labrador Retriever,official_train
n02099712-Labrador_retriever/n02099712_6079.jpg,25,Labrador Retriever,official_train
n02099712-Labrador_retriever/n02099712_619.jpg,25,Labrador Retriever,official_train
n02099712-Labrador_retriever/n02099712_6232.jpg,25,Labrador Retriever,official_train
n02099712-Labrador_retriever/n02099712_6275.jpg,25,Labrador Retriever,official_train
n02099712-Labrador_retriever/n02099712_6345.jpg,25,Labrador Retriever,official_train
n02099712-Labrador_retriever/n02099712_6426.jpg,25,Labrador Retriever,official_train
n02099712-Labrador_retriever/n02099712_6455.jpg,25,Labrador Retriever,official_train
n02099712-Labrador_retriever/n02099712_6586.jpg,25,Labrador Retriever,official_train
n02099712-Labrador_retriever/n02099712_6684.jpg,25,Labrador Retriever,official_train
n02099712-Labrador_retriever/n02099712_6897.jpg,25,Labrador Retriever,official_train
n02099712-Labrador_retriever/n02099712_6997.jpg,25,Labrador Retriever,official_train
n02099712-Labrador_retriever/n02099712_7411.jpg,25,Labrador Retriever,official_train
n02099712-Labrador_retriever/n02099712_7481.jpg,25,Labrador Retriever,official_train
n02099712-Labrador_retriever/n02099712_7533.jpg,25,Labrador Retriever,official_train
n02099712-Labrador_retriever/n02099712_7664.jpg,25,Labrador Retriever,official_train
n02099712-Labrador_retriever/n02099712_7749.jpg,25,Labrador Retriever,official_train
n02099712-Labrador_retriever/n02099712_7802.jpg,25,Labrador Retriever,official_train
n02099712-Labrador_retriever/n02099712_7815.jpg,25,Labrador Retriever,official_train
n02099712-Labrador_retriever/n02099712_788.jpg,25,Labrador Retriever,official_train
n02099712-Labrador_retriever/n02099712_7937.jpg,25,Labrador Retriever,official_train
n02099712-Labrador_retriever/n02099712_7968.jpg,25,Labrador Retriever,official_train
n02099712-Labrador_retriever/n02099712_8014.jpg,25,Labrador Retriever,official_train
n02099712-Labrador_retriever/n02099712_8242.jpg,25,Labrador Retriever,official_train
n02099712-Labrador_retriever/n02099712_854.jpg,25,Labrador Retriever,official_train
n02099712-Labrador_retriever/n02099712_8719.jpg,25,Labrador Retriever,official_train
n02099712-Labrador_retriever/n02099712_8790.jpg,25,Labrador Retriever,official_train
n02099712-Labrador_retriever/n02099712_980.jpg,25,Labrador Retriever,official_train
n02099849-Chesapeake_Bay_retriever/n02099849_1024.jpg,26,Chesapeake Bay Retriever,official_train
n02099849-Chesapeake_Bay_retriever/n02099849_1050.jpg,26,Chesapeake Bay Retriever,official_train
n02099849-Chesapeake_Bay_retriever/n02099849_1115.jpg,26,Chesapeake Bay Retriever,official_train
n02099849-Chesapeake_Bay_retriever/n02099849_1215.jpg,26,Chesapeake Bay Retriever,official_train
n02099849-Chesapeake_Bay_retriever/n02099849_1265.jpg,26,Chesapeake Bay Retriever,official_train
n02099849-Chesapeake_Bay_retriever/n02099849_1278.jpg,26,Chesapeake Bay Retriever,official_train
n02099849-Chesapeake_Bay_retriever/n02099849_130.jpg,26,Chesapeake Bay Retriever,official_train
n02099849-Chesapeake_Bay_retriever/n02099849_1310.jpg,26,Chesapeake Bay Retriever,official_train
n02099849-Chesapeake_Bay_retriever/n02099849_1408.jpg,26,Chesapeake Bay Retriever,official_train
n02099849-Chesapeake_Bay_retriever/n02099849_1449.jpg,26,Chesapeake Bay Retriever,official_train
n02099849-Chesapeake_Bay_retriever/n02099849_1472.jpg,26,Chesapeake Bay Retriever,official_train
n02099849-Chesapeake_Bay_retriever/n02099849_1523.jpg,26,Chesapeake Bay Retriever,official_train
n02099849-Chesapeake_Bay_retriever/n02099849_1536.jpg,26,Chesapeake Bay Retriever,official_train
n02099849-Chesapeake_Bay_retriever/n02099849_1599.jpg,26,Chesapeake Bay Retriever,official_train
n02099849-Chesapeake_Bay_retriever/n02099849_1645.jpg,26,Chesapeake Bay Retriever,official_train
n02099849-Chesapeake_Bay_retriever/n02099849_1657.jpg,26,Chesapeake Bay Retriever,official_train
n02099849-Chesapeake_Bay_retriever/n02099849_171.jpg,26,Chesapeake Bay Retriever,official_train
n02099849-Chesapeake_Bay_retriever/n02099849_1728.jpg,26,Chesapeake Bay Retriever,official_train
n02099849-Chesapeake_Bay_retriever/n02099849_1776.jpg,26,Chesapeake Bay Retriever,official_train
n02099849-Chesapeake_Bay_retriever/n02099849_1837.jpg,26,Chesapeake Bay Retriever,official_train
n02099849-Chesapeake_Bay_retriever/n02099849_1922.jpg,26,Chesapeake Bay Retriever,official_train
n02099849-Chesapeake_Bay_retriever/n02099849_1987.jpg,26,Chesapeake Bay Retriever,official_train
n02099849-Chesapeake_Bay_retriever/n02099849_2.jpg,26,Chesapeake Bay Retriever,official_train
n02099849-Chesapeake_Bay_retriever/n02099849_216.jpg,26,Chesapeake Bay Retriever,official_train
n02099849-Chesapeake_Bay_retriever/n02099849_2300.jpg,26,Chesapeake Bay Retriever,official_train
n02099849-Chesapeake_Bay_retriever/n02099849_2375.jpg,26,Chesapeake Bay Retriever,official_train
n02099849-Chesapeake_Bay_retriever/n02099849_263.jpg,26,Chesapeake Bay Retriever,official_train
n02099849-Chesapeake_Bay_retriever/n02099849_264.jpg,26,Chesapeake Bay Retriever,official_train
n02099849-Chesapeake_Bay_retriever/n02099849_2648.jpg,26,Chesapeake Bay Retriever,official_train
n02099849-Chesapeake_Bay_retriever/n02099849_2706.jpg,26,Chesapeake Bay Retriever,official_train
n02099849-Chesapeake_Bay_retriever/n02099849_2803.jpg,26,Chesapeake Bay Retriever,official_train
n02099849-Chesapeake_Bay_retriever/n02099849_2836.jpg,26,Chesapeake Bay Retriever,official_train
n02099849-Chesapeake_Bay_retriever/n02099849_2847.jpg,26,Chesapeake Bay Retriever,official_train
n02099849-Chesapeake_Bay_retriever/n02099849_2965.jpg,26,Chesapeake Bay Retriever,official_train
n02099849-Chesapeake_Bay_retriever/n02099849_2991.jpg,26,Chesapeake Bay Retriever,official_train
n02099849-Chesapeake_Bay_retriever/n02099849_3.jpg,26,Chesapeake Bay Retriever,official_train
n02099849-Chesapeake_Bay_retriever/n02099849_3007.jpg,26,Chesapeake Bay Retriever,official_train
n02099849-Chesapeake_Bay_retriever/n02099849_3016.jpg,26,Chesapeake Bay Retriever,official_train
n02099849-Chesapeake_Bay_retriever/n02099849_3128.jpg,26,Chesapeake Bay Retriever,official_train
n02099849-Chesapeake_Bay_retriever/n02099849_3188.jpg,26,Chesapeake Bay Retriever,official_train
n02099849-Chesapeake_Bay_retriever/n02099849_3196.jpg,26,Chesapeake Bay Retriever,official_train
n02099849-Chesapeake_Bay_retriever/n02099849_3220.jpg,26,Chesapeake Bay Retriever,official_train
n02099849-Chesapeake_Bay_retriever/n02099849_338.jpg,26,Chesapeake Bay Retriever,official_train
n02099849-Chesapeake_Bay_retriever/n02099849_3383.jpg,26,Chesapeake Bay Retriever,official_train
n02099849-Chesapeake_Bay_retriever/n02099849_3565.jpg,26,Chesapeake Bay Retriever,official_train
n02099849-Chesapeake_Bay_retriever/n02099849_3592.jpg,26,Chesapeake Bay Retriever,official_train
n02099849-Chesapeake_Bay_retriever/n02099849_3616.jpg,26,Chesapeake Bay Retriever,official_train
n02099849-Chesapeake_Bay_retriever/n02099849_3680.jpg,26,Chesapeake Bay Retriever,official_train
n02099849-Chesapeake_Bay_retriever/n02099849_3718.jpg,26,Chesapeake Bay Retriever,official_train
n02099849-Chesapeake_Bay_retriever/n02099849_3736.jpg,26,Chesapeake Bay Retriever,official_train
n02099849-Chesapeake_Bay_retriever/n02099849_3753.jpg,26,Chesapeake Bay Retriever,official_train
n02099849-Chesapeake_Bay_retriever/n02099849_3777.jpg,26,Chesapeake Bay Retriever,official_train
n02099849-Chesapeake_Bay_retriever/n02099849_3810.jpg,26,Chesapeake Bay Retriever,official_train
n02099849-Chesapeake_Bay_retriever/n02099849_3812.jpg,26,Chesapeake Bay Retriever,official_train
n02099849-Chesapeake_Bay_retriever/n02099849_3826.jpg,26,Chesapeake Bay Retriever,official_train
n02099849-Chesapeake_Bay_retriever/n02099849_3940.jpg,26,Chesapeake Bay Retriever,official_train
n02099849-Chesapeake_Bay_retriever/n02099849_4113.jpg,26,Chesapeake Bay Retriever,official_train
n02099849-Chesapeake_Bay_retriever/n02099849_4215.jpg,26,Chesapeake Bay Retriever,official_train
n02099849-Chesapeake_Bay_retriever/n02099849_43.jpg,26,Chesapeake Bay Retriever,official_train
n02099849-Chesapeake_Bay_retriever/n02099849_4310.jpg,26,Chesapeake Bay Retriever,official_train
n02099849-Chesapeake_Bay_retriever/n02099849_4322.jpg,26,Chesapeake Bay Retriever,official_train
n02099849-Chesapeake_Bay_retriever/n02099849_4348.jpg,26,Chesapeake Bay Retriever,official_train
n02099849-Chesapeake_Bay_retriever/n02099849_435.jpg,26,Chesapeake Bay Retriever,official_train
n02099849-Chesapeake_Bay_retriever/n02099849_4406.jpg,26,Chesapeake Bay Retriever,official_train
n02099849-Chesapeake_Bay_retriever/n02099849_448.jpg,26,Chesapeake Bay Retriever,official_train
n02099849-Chesapeake_Bay_retriever/n02099849_4619.jpg,26,Chesapeake Bay Retriever,official_train
n02099849-Chesapeake_Bay_retriever/n02099849_4667.jpg,26,Chesapeake Bay Retriever,official_train
n02099849-Chesapeake_Bay_retriever/n02099849_4677.jpg,26,Chesapeake Bay Retriever,official_train
n02099849-Chesapeake_Bay_retriever/n02099849_4692.jpg,26,Chesapeake Bay Retriever,official_train
n02099849-Chesapeake_Bay_retriever/n02099849_4726.jpg,26,Chesapeake Bay Retriever,official_train
n02099849-Chesapeake_Bay_retriever/n02099849_4767.jpg,26,Chesapeake Bay Retriever,official_train
n02099849-Chesapeake_Bay_retriever/n02099849_513.jpg,26,Chesapeake Bay Retriever,official_train
n02099849-Chesapeake_Bay_retriever/n02099849_562.jpg,26,Chesapeake Bay Retriever,official_train
n02099849-Chesapeake_Bay_retriever/n02099849_590.jpg,26,Chesapeake Bay Retriever,official_train
n02099849-Chesapeake_Bay_retriever/n02099849_687.jpg,26,Chesapeake Bay Retriever,official_train
n02099849-Chesapeake_Bay_retriever/n02099849_693.jpg,26,Chesapeake Bay Retriever,official_train
n02099849-Chesapeake_Bay_retriever/n02099849_696.jpg,26,Chesapeake Bay Retriever,official_train
n02099849-Chesapeake_Bay_retriever/n02099849_927.jpg,26,Chesapeake Bay Retriever,official_train
n02099849-Chesapeake_Bay_retriever/n02099849_938.jpg,26,Chesapeake Bay Retriever,official_train
n02099849-Chesapeake_Bay_retriever/n02099849_953.jpg,26,Chesapeake Bay Retriever,official_train
n02085782-Japanese_spaniel/n02085782_1059.jpg,27,Japanese Spaniel,official_train
n02085782-Japanese_spaniel/n02085782_1077.jpg,27,Japanese Spaniel,official_train
n02085782-Japanese_spaniel/n02085782_1085.jpg,27,Japanese Spaniel,official_train
n02085782-Japanese_spaniel/n02085782_1156.jpg,27,Japanese Spaniel,official_train
n02085782-Japanese_spaniel/n02085782_1191.jpg,27,Japanese Spaniel,official_train
n02085782-Japanese_spaniel/n02085782_126.jpg,27,Japanese Spaniel,official_train
n02085782-Japanese_spaniel/n02085782_1267.jpg,27,Japanese Spaniel,official_train
n02085782-Japanese_spaniel/n02085782_1348.jpg,27,Japanese Spaniel,official_train
n02085782-Japanese_spaniel/n02085782_143.jpg,27,Japanese Spaniel,official_train
n02085782-Japanese_spaniel/n02085782_1460.jpg,27,Japanese Spaniel,official_train
n02085782-Japanese_spaniel/n02085782_1521.jpg,27,Japanese Spaniel,official_train
n02085782-Japanese_spaniel/n02085782_1528.jpg,27,Japanese Spaniel,official_train
n02085782-Japanese_spaniel/n02085782_1656.jpg,27,Japanese Spaniel,official_train
n02085782-Japanese_spaniel/n02085782_1691.jpg,27,Japanese Spaniel,official_train
n02085782-Japanese_spaniel/n02085782_172.jpg,27,Japanese Spaniel,official_train
n02085782-Japanese_spaniel/n02085782_1750.jpg,27,Japanese Spaniel,official_train
n02085782-Japanese_spaniel/n02085782_1778.jpg,27,Japanese Spaniel,official_train
n02085782-Japanese_spaniel/n02085782_1848.jpg,27,Japanese Spaniel,official_train
n02085782-Japanese_spaniel/n02085782_1855.jpg,27,Japanese Spaniel,official_train
n02085782-Japanese_spaniel/n02085782_186.jpg,27,Japanese Spaniel,official_train
n02085782-Japanese_spaniel/n02085782_2010.jpg,27,Japanese Spaniel,official_train
n02085782-Japanese_spaniel/n02085782_2074.jpg,27,Japanese Spaniel,official_train
n02085782-Japanese_spaniel/n02085782_2207.jpg,27,Japanese Spaniel,official_train
n02085782-Japanese_spaniel/n02085782_2241.jpg,27,Japanese Spaniel,official_train
n02085782-Japanese_spaniel/n02085782_2250.jpg,27,Japanese Spaniel,official_train
n02085782-Japanese_spaniel/n02085782_2255.jpg,27,Japanese Spaniel,official_train
n02085782-Japanese_spaniel/n02085782_2279.jpg,27,Japanese Spaniel,official_train
n02085782-Japanese_spaniel/n02085782_2293.jpg,27,Japanese Spaniel,official_train
n02085782-Japanese_spaniel/n02085782_23.jpg,27,Japanese Spaniel,official_train
n02085782-Japanese_spaniel/n02085782_230.jpg,27,Japanese Spaniel,official_train
n02085782-Japanese_spaniel/n02085782_2323.jpg,27,Japanese Spaniel,official_train
n02085782-Japanese_spaniel/n02085782_2428.jpg,27,Japanese Spaniel,official_train
n02085782-Japanese_spaniel/n02085782_2459.jpg,27,Japanese Spaniel,official_train
n02085782-Japanese_spaniel/n02085782_2584.jpg,27,Japanese Spaniel,official_train
n02085782-Japanese_spaniel/n02085782_2635.jpg,27,Japanese Spaniel,official_train
n02085782-Japanese_spaniel/n02085782_2640.jpg,27,Japanese Spaniel,official_train
n02085782-Japanese_spaniel/n02085782_2655.jpg,27,Japanese Spaniel,official_train
n02085782-Japanese_spaniel/n02085782_2690.jpg,27,Japanese Spaniel,official_train
n02085782-Japanese_spaniel/n02085782_2762.jpg,27,Japanese Spaniel,official_train
n02085782-Japanese_spaniel/n02085782_2796.jpg,27,Japanese Spaniel,official_train
n02085782-Japanese_spaniel/n02085782_2874.jpg,27,Japanese Spaniel,official_train
n02085782-Japanese_spaniel/n02085782_2886.jpg,27,Japanese Spaniel,official_train
n02085782-Japanese_spaniel/n02085782_2914.jpg,27,Japanese Spaniel,official_train
n02085782-Japanese_spaniel/n02085782_2922.jpg,27,Japanese Spaniel,official_train
n02085782-Japanese_spaniel/n02085782_2939.jpg,27,Japanese Spaniel,official_train
n02085782-Japanese_spaniel/n02085782_3031.jpg,27,Japanese Spaniel,official_train
n02085782-Japanese_spaniel/n02085782_3071.jpg,27,Japanese Spaniel,official_train
n02085782-Japanese_spaniel/n02085782_313.jpg,27,Japanese Spaniel,official_train
n02085782-Japanese_spaniel/n02085782_3148.jpg,27,Japanese Spaniel,official_train
n02085782-Japanese_spaniel/n02085782_3325.jpg,27,Japanese Spaniel,official_train
n02085782-Japanese_spaniel/n02085782_3331.jpg,27,Japanese Spaniel,official_train
n02085782-Japanese_spaniel/n02085782_3387.jpg,27,Japanese Spaniel,official_train
n02085782-Japanese_spaniel/n02085782_3481.jpg,27,Japanese Spaniel,official_train
n02085782-Japanese_spaniel/n02085782_3499.jpg,27,Japanese Spaniel,official_train
n02085782-Japanese_spaniel/n02085782_3516.jpg,27,Japanese Spaniel,official_train
n02085782-Japanese_spaniel/n02085782_3649.jpg,27,Japanese Spaniel,official_train
n02085782-Japanese_spaniel/n02085782_3889.jpg,27,Japanese Spaniel,official_train
n02085782-Japanese_spaniel/n02085782_3899.jpg,27,Japanese Spaniel,official_train
n02085782-Japanese_spaniel/n02085782_4332.jpg,27,Japanese Spaniel,official_train
n02085782-Japanese_spaniel/n02085782_435.jpg,27,Japanese Spaniel,official_train
n02085782-Japanese_spaniel/n02085782_440.jpg,27,Japanese Spaniel,official_train
n02085782-Japanese_spaniel/n02085782_4436.jpg,27,Japanese Spaniel,official_train
n02085782-Japanese_spaniel/n02085782_4511.jpg,27,Japanese Spaniel,official_train
n02085782-Japanese_spaniel/n02085782_4564.jpg,27,Japanese Spaniel,official_train
n02085782-Japanese_spaniel/n02085782_4574.jpg,27,Japanese Spaniel,official_train
n02085782-Japanese_spaniel/n02085782_4590.jpg,27,Japanese Spaniel,official_train
n02085782-Japanese_spaniel/n02085782_4616.jpg,27,Japanese Spaniel,official_train
n02085782-Japanese_spaniel/n02085782_516.jpg,27,Japanese Spaniel,official_train
n02085782-Japanese_spaniel/n02085782_626.jpg,27,Japanese Spaniel,official_train
n02085782-Japanese_spaniel/n02085782_676.jpg,27,Japanese Spaniel,official_train
n02085782-Japanese_spaniel/n02085782_697.jpg,27,Japanese Spaniel,official_train
n02085782-Japanese_spaniel/n02085782_754.jpg,27,Japanese Spaniel,official_train
n02085782-Japanese_spaniel/n02085782_757.jpg,27,Japanese Spaniel,official_train
n02085782-Japanese_spaniel/n02085782_806.jpg,27,Japanese Spaniel,official_train
n02085782-Japanese_spaniel/n02085782_845.jpg,27,Japanese Spaniel,official_train
n02085782-Japanese_spaniel/n02085782_866.jpg,27,Japanese Spaniel,official_train
n02085782-Japanese_spaniel/n02085782_874.jpg,27,Japanese Spaniel,official_train
n02085782-Japanese_spaniel/n02085782_935.jpg,27,Japanese Spaniel,official_train
n02085782-Japanese_spaniel/n02085782_940.jpg,27,Japanese Spaniel,official_train
n02085782-Japanese_spaniel/n02085782_962.jpg,27,Japanese Spaniel,official_train
n02086079-Pekinese/n02086079_10059.jpg,28,Pekinese,official_train
n02086079-Pekinese/n02086079_10159.jpg,28,Pekinese,official_train
n02086079-Pekinese/n02086079_1020.jpg,28,Pekinese,official_train
n02086079-Pekinese/n02086079_10294.jpg,28,Pekinese,official_train
n02086079-Pekinese/n02086079_10373.jpg,28,Pekinese,official_train
n02086079-Pekinese/n02086079_10603.jpg,28,Pekinese,official_train
n02086079-Pekinese/n02086079_10627.jpg,28,Pekinese,official_train
n02086079-Pekinese/n02086079_10689.jpg,28,Pekinese,official_train
n02086079-Pekinese/n02086079_10932.jpg,28,Pekinese,official_train
n02086079-Pekinese/n02086079_11089.jpg,28,Pekinese,official_train
n02086079-Pekinese/n02086079_11664.jpg,28,Pekinese,official_train
n02086079-Pekinese/n02086079_11684.jpg,28,Pekinese,official_train
n02086079-Pekinese/n02086079_12125.jpg,28,Pekinese,official_train
n02086079-Pekinese/n02086079_12321.jpg,28,Pekinese,official_train
n02086079-Pekinese/n02086079_13647.jpg,28,Pekinese,official_train
n02086079-Pekinese/n02086079_13897.jpg,28,Pekinese,official_train
n02086079-Pekinese/n02086079_14532.jpg,28,Pekinese,official_train
n02086079-Pekinese/n02086079_15979.jpg,28,Pekinese,official_train
n02086079-Pekinese/n02086079_16268.jpg,28,Pekinese,official_train
n02086079-Pekinese/n02086079_16313.jpg,28,Pekinese,official_train
n02086079-Pekinese/n02086079_16693.jpg,28,Pekinese,official_train
n02086079-Pekinese/n02086079_17015.jpg,28,Pekinese,official_train
n02086079-Pekinese/n02086079_17103.jpg,28,Pekinese,official_train
n02086079-Pekinese/n02086079_17205.jpg,28,Pekinese,official_train
n02086079-Pekinese/n02086079_17291.jpg,28,Pekinese,official_train
n02086079-Pekinese/n02086079_17564.jpg,28,Pekinese,official_train
n02086079-Pekinese/n02086079_17886.jpg,28,Pekinese,official_train
n02086079-Pekinese/n02086079_17983.jpg,28,Pekinese,official_train
n02086079-Pekinese/n02086079_1820.jpg,28,Pekinese,official_train
n02086079-Pekinese/n02086079_186.jpg,28,Pekinese,official_train
n02086079-Pekinese/n02086079_18764.jpg,28,Pekinese,official_train
n02086079-Pekinese/n02086079_18899.jpg,28,Pekinese,official_train
n02086079-Pekinese/n02086079_19690.jpg,28,Pekinese,official_train
n02086079-Pekinese/n02086079_20360.jpg,28,Pekinese,official_train
n02086079-Pekinese/n02086079_2073.jpg,28,Pekinese,official_train
n02086079-Pekinese/n02086079_20762.jpg,28,Pekinese,official_train
n02086079-Pekinese/n02086079_21103.jpg,28,Pekinese,official_train
n02086079-Pekinese/n02086079_21117.jpg,28,Pekinese,official_train
n02086079-Pekinese/n02086079_21987.jpg,28,Pekinese,official_train
n02086079-Pekinese/n02086079_22412.jpg,28,Pekinese,official_train
n02086079-Pekinese/n02086079_2287.jpg,28,Pekinese,official_train
n02086079-Pekinese/n02086079_2358.jpg,28,Pekinese,official_train
n02086079-Pekinese/n02086079_2766.jpg,28,Pekinese,official_train
n02086079-Pekinese/n02086079_2893.jpg,28,Pekinese,official_train
n02086079-Pekinese/n02086079_2933.jpg,28,Pekinese,official_train
n02086079-Pekinese/n02086079_2935.jpg,28,Pekinese,official_train
n02086079-Pekinese/n02086079_3149.jpg,28,Pekinese,official_train
n02086079-Pekinese/n02086079_3174.jpg,28,Pekinese,official_train
n02086079-Pekinese/n02086079_3402.jpg,28,Pekinese,official_train
n02086079-Pekinese/n02086079_347.jpg,28,Pekinese,official_train
n02086079-Pekinese/n02086079_380.jpg,28,Pekinese,official_train
n02086079-Pekinese/n02086079_4355.jpg,28,Pekinese,official_train
n02086079-Pekinese/n02086079_4412.jpg,28,Pekinese,official_train
n02086079-Pekinese/n02086079_4456.jpg,28,Pekinese,official_train
n02086079-Pekinese/n02086079_4984.jpg,28,Pekinese,official_train
n02086079-Pekinese/n02086079_5053.jpg,28,Pekinese,official_train
n02086079-Pekinese/n02086079_5087.jpg,28,Pekinese,official_train
n02086079-Pekinese/n02086079_5106.jpg,28,Pekinese,official_train
n02086079-Pekinese/n02086079_5125.jpg,28,Pekinese,official_train
n02086079-Pekinese/n02086079_5197.jpg,28,Pekinese,official_train
n02086079-Pekinese/n02086079_5522.jpg,28,Pekinese,official_train
n02086079-Pekinese/n02086079_5590.jpg,28,Pekinese,official_train
n02086079-Pekinese/n02086079_6096.jpg,28,Pekinese,official_train
n02086079-Pekinese/n02086079_6180.jpg,28,Pekinese,official_train
n02086079-Pekinese/n02086079_6467.jpg,28,Pekinese,official_train
n02086079-Pekinese/n02086079_6712.jpg,28,Pekinese,official_train
n02086079-Pekinese/n02086079_6956.jpg,28,Pekinese,official_train
n02086079-Pekinese/n02086079_7235.jpg,28,Pekinese,official_train
n02086079-Pekinese/n02086079_7302.jpg,28,Pekinese,official_train
n02086079-Pekinese/n02086079_7769.jpg,28,Pekinese,official_train
n02086079-Pekinese/n02086079_7959.jpg,28,Pekinese,official_train
n02086079-Pekinese/n02086079_8074.jpg,28,Pekinese,official_train
n02086079-Pekinese/n02086079_8127.jpg,28,Pekinese,official_train
n02086079-Pekinese/n02086079_8204.jpg,28,Pekinese,official_train
n02086079-Pekinese/n02086079_8229.jpg,28,Pekinese,official_train
n02086079-Pekinese/n02086079_8902.jpg,28,Pekinese,official_train
n02086079-Pekinese/n02086079_9151.jpg,28,Pekinese,official_train
n02086079-Pekinese/n02086079_952.jpg,28,Pekinese,official_train
n02086079-Pekinese/n02086079_9756.jpg,28,Pekinese,official_train
n02086079-Pekinese/n02086079_9847.jpg,28,Pekinese,official_train
n02086240-Shih-Tzu/n02086240_1011.jpg,29,Shih-Tzu,official_train
n02086240-Shih-Tzu/n02086240_1078.jpg,29,Shih-Tzu,official_train
n02086240-Shih-Tzu/n02086240_10785.jpg,29,Shih-Tzu,official_train
n02086240-Shih-Tzu/n02086240_1082.jpg,29,Shih-Tzu,official_train
n02086240-Shih-Tzu/n02086240_11085.jpg,29,Shih-Tzu,official_train
n02086240-Shih-Tzu/n02086240_1142.jpg,29,Shih-Tzu,official_train
n02086240-Shih-Tzu/n02086240_11420.jpg,29,Shih-Tzu,official_train
n02086240-Shih-Tzu/n02086240_11539.jpg,29,Shih-Tzu,official_train
n02086240-Shih-Tzu/n02086240_11622.jpg,29,Shih-Tzu,official_train
n02086240-Shih-Tzu/n02086240_1170.jpg,29,Shih-Tzu,official_train
n02086240-Shih-Tzu/n02086240_11766.jpg,29,Shih-Tzu,official_train
n02086240-Shih-Tzu/n02086240_11959.jpg,29,Shih-Tzu,official_train
n02086240-Shih-Tzu/n02086240_12003.jpg,29,Shih-Tzu,official_train
n02086240-Shih-Tzu/n02086240_1205.jpg,29,Shih-Tzu,official_train
n02086240-Shih-Tzu/n02086240_12342.jpg,29,Shih-Tzu,official_train
n02086240-Shih-Tzu/n02086240_1259.jpg,29,Shih-Tzu,official_train
n02086240-Shih-Tzu/n02086240_1267.jpg,29,Shih-Tzu,official_train
n02086240-Shih-Tzu/n02086240_1295.jpg,29,Shih-Tzu,official_train
n02086240-Shih-Tzu/n02086240_1621.jpg,29,Shih-Tzu,official_train
n02086240-Shih-Tzu/n02086240_1725.jpg,29,Shih-Tzu,official_train
n02086240-Shih-Tzu/n02086240_1779.jpg,29,Shih-Tzu,official_train
n02086240-Shih-Tzu/n02086240_1859.jpg,29,Shih-Tzu,official_train
n02086240-Shih-Tzu/n02086240_1874.jpg,29,Shih-Tzu,official_train
n02086240-Shih-Tzu/n02086240_2211.jpg,29,Shih-Tzu,official_train
n02086240-Shih-Tzu/n02086240_2705.jpg,29,Shih-Tzu,official_train
n02086240-Shih-Tzu/n02086240_2710.jpg,29,Shih-Tzu,official_train
n02086240-Shih-Tzu/n02086240_272.jpg,29,Shih-Tzu,official_train
n02086240-Shih-Tzu/n02086240_30.jpg,29,Shih-Tzu,official_train
n02086240-Shih-Tzu/n02086240_3175.jpg,29,Shih-Tzu,official_train
n02086240-Shih-Tzu/n02086240_323.jpg,29,Shih-Tzu,official_train
n02086240-Shih-Tzu/n02086240_3254.jpg,29,Shih-Tzu,official_train
n02086240-Shih-Tzu/n02086240_34.jpg,29,Shih-Tzu,official_train
n02086240-Shih-Tzu/n02086240_3558.jpg,29,Shih-Tzu,official_train
n02086240-Shih-Tzu/n02086240_3719.jpg,29,Shih-Tzu,official_train
n02086240-Shih-Tzu/n02086240_3814.jpg,29,Shih-Tzu,official_train
n02086240-Shih-Tzu/n02086240_3862.jpg,29,Shih-Tzu,official_train
n02086240-Shih-Tzu/n02086240_3979.jpg,29,Shih-Tzu,official_train
n02086240-Shih-Tzu/n02086240_4013.jpg,29,Shih-Tzu,official_train
n02086240-Shih-Tzu/n02086240_4127.jpg,29,Shih-Tzu,official_train
n02086240-Shih-Tzu/n02086240_415.jpg,29,Shih-Tzu,official_train
n02086240-Shih-Tzu/n02086240_4252.jpg,29,Shih-Tzu,official_train
n02086240-Shih-Tzu/n02086240_4346.jpg,29,Shih-Tzu,official_train
n02086240-Shih-Tzu/n02086240_4430.jpg,29,Shih-Tzu,official_train
n02086240-Shih-Tzu/n02086240_4669.jpg,29,Shih-Tzu,official_train
n02086240-Shih-Tzu/n02086240_4776.jpg,29,Shih-Tzu,official_train
n02086240-Shih-Tzu/n02086240_4808.jpg,29,Shih-Tzu,official_train
n02086240-Shih-Tzu/n02086240_5140.jpg,29,Shih-Tzu,official_train
n02086240-Shih-Tzu/n02086240_5212.jpg,29,Shih-Tzu,official_train
n02086240-Shih-Tzu/n02086240_5520.jpg,29,Shih-Tzu,official_train
n02086240-Shih-Tzu/n02086240_5546.jpg,29,Shih-Tzu,official_train
n02086240-Shih-Tzu/n02086240_5554.jpg,29,Shih-Tzu,official_train
n02086240-Shih-Tzu/n02086240_5627.jpg,29,Shih-Tzu,official_train
n02086240-Shih-Tzu/n02086240_5696.jpg,29,Shih-Tzu,official_train
n02086240-Shih-Tzu/n02086240_6032.jpg,29,Shih-Tzu,official_train
n02086240-Shih-Tzu/n02086240_61.jpg,29,Shih-Tzu,official_train
n02086240-Shih-Tzu/n02086240_6106.jpg,29,Shih-Tzu,official_train
n02086240-Shih-Tzu/n02086240_6116.jpg,29,Shih-Tzu,official_train
n02086240-Shih-Tzu/n02086240_6131.jpg,29,Shih-Tzu,official_train
n02086240-Shih-Tzu/n02086240_6222.jpg,29,Shih-Tzu,official_train
n02086240-Shih-Tzu/n02086240_6322.jpg,29,Shih-Tzu,official_train
n02086240-Shih-Tzu/n02086240_6477.jpg,29,Shih-Tzu,official_train
n02086240-Shih-Tzu/n02086240_6585.jpg,29,Shih-Tzu,official_train
n02086240-Shih-Tzu/n02086240_6587.jpg,29,Shih-Tzu,official_train
n02086240-Shih-Tzu/n02086240_6819.jpg,29,Shih-Tzu,official_train
n02086240-Shih-Tzu/n02086240_6833.jpg,29,Shih-Tzu,official_train
n02086240-Shih-Tzu/n02086240_6882.jpg,29,Shih-Tzu,official_train
n02086240-Shih-Tzu/n02086240_6898.jpg,29,Shih-Tzu,official_train
n02086240-Shih-Tzu/n02086240_7110.jpg,29,Shih-Tzu,official_train
n02086240-Shih-Tzu/n02086240_7123.jpg,29,Shih-Tzu,official_train
n02086240-Shih-Tzu/n02086240_7205.jpg,29,Shih-Tzu,official_train
n02086240-Shih-Tzu/n02086240_7299.jpg,29,Shih-Tzu,official_train
n02086240-Shih-Tzu/n02086240_7349.jpg,29,Shih-Tzu,official_train
n02086240-Shih-Tzu/n02086240_745.jpg,29,Shih-Tzu,official_train
n02086240-Shih-Tzu/n02086240_789.jpg,29,Shih-Tzu,official_train
n02086240-Shih-Tzu/n02086240_7954.jpg,29,Shih-Tzu,official_train
n02086240-Shih-Tzu/n02086240_9098.jpg,29,Shih-Tzu,official_train
n02086240-Shih-Tzu/n02086240_9429.jpg,29,Shih-Tzu,official_train
n02086240-Shih-Tzu/n02086240_9467.jpg,29,Shih-Tzu,official_train
n02086240-Shih-Tzu/n02086240_963.jpg,29,Shih-Tzu,official_train
n02086240-Shih-Tzu/n02086240_968.jpg,29,Shih-Tzu,official_train
